Brand,Labelled energy consumption (kWh/year),New Star,Prog Name,Prog Time,standbyPowerUsage,Tot Wat Cons,Water_Softener,Water Consumption (litres)
AWARD,278,3.0,Eco 50 degrees,142.0,0.06,12.0,No,12.3
AWARD,276,3.5,ECO 50,155.73,0.08,13.4,No,13.3
AWARD,276,3.5,ECO 50,155.73,0.08,13.4,No,13.3
AWARD,276,3.5,ECO 50,155.73,0.08,13.4,No,13.3
AWARD,205,3.0,ECO,181.89,0.47,10.9,No,17.0
AWARD,294,3.5,ECO,156.93,0.08,13.4,No,13.4
BELLINI,256,3.0,NORMAL,171.0,0.46,10.2,No,10.2
BELLINI,256,3.0,NORMAL,171.0,0.46,10.2,No,10.2
BELLINI,256,3.0,NORMAL,171.0,0.46,10.2,No,10.2
BELLINI,256,3.0,NORMAL,171.0,0.46,10.2,No,10.2
BELLINI,256,3.0,NORMAL,171.0,0.46,10.2,No,10.2
TRIESTE,205,3.0,ECO,181.89,0.48,10.9,No,10.9
TRIESTE,287,3.0,ECO at 50 degrees C,175.0,0.49,12.3,No,12.3
KitchenAid,324,2.5,Eco 50°,200.0,0.432,13.5,Yes,13.5
ROBAM,245,4.0,Economic 50°C,136.29,0.08,12.0,No,12.2
PARMCO,290,3.0,Normal,113.0,0.0,13.48,No,13.7
PARMCO,290,3.0,Normal,113.0,0.0,13.48,No,13.7
PARMCO,290,3.0,Normal,113.0,0.0,13.48,No,13.7
PARMCO,290,3.0,Normal,113.0,0.0,13.48,No,13.7
PARMCO,204,3.0,Normal,110.0,0.035,9.2,No,9.4
ROBAM,245,4.0,Economic 50°C,136.29,0.08,12.0,No,12.2
ROBAM,245,4.0,Economic 50°C,136.29,0.08,12.0,No,12.2
ROBAM,245,4.0,Economic 50°C,136.29,0.08,12.0,No,12.2
Inalto,137,3.5,Eco,170.0,0.39994,6.667,No,6.6
MIELE,324,3.0,Eco,142.0,0.1,14.0,Yes,14.0
MIELE,324,3.0,Eco,142.0,0.1,14.0,Yes,14.0
MIELE,324,3.0,Eco,142.0,0.1,14.0,Yes,14.0
Inalto,189,3.5,ECO,209.4,0.478834,11.0,No,11.0
BEKO,324,3.0,Eco 45°C,136.39,0.349,9.95,No,10.4
BEKO,324,3.0,Eco 45°C,136.39,0.349,9.95,No,10.4
BEKO,324,3.0,Eco 45°C,136.39,0.349,9.95,No,10.4
AKAI,245,4.0,Normal,165.0,0.41,12.1,No,12.3
AKAI,282,3.0,ECO,186.06,0.0,10.7,No,11.0
VOGUE,270,3.0,ECO,186.06,0.0,10.7,No,10.7
CASA,158,2.5,Normal,129.91,0.52,7.4,No,7.4
CASA,295,3.0,ECO,175.0,0.49,12.3,No,12.3
CASA,267,3.0,ECO,186.06,0.48,10.7,No,10.7
MIELE,186,4.5,Eco,228.0,0.21,9.17,Yes,9.2
MIELE,186,4.5,Eco,228.0,0.21,9.17,Yes,9.2
MIELE,186,4.5,Eco,228.0,0.21,9.17,Yes,9.2
EURO,137,3.5,ECO,170.0,0.359,6.6,No,6.6
EURO,137,3.5,ECO,170.0,0.39994,6.667,No,6.6
IKEA,296,3.0,Eco 50 degree,164.0,0.34,12.3,Yes,12.3
AKAI,274,3.0,Normal,112.0,0.0,11.3,No,11.8
MIDEA,265,3.0,Normal,171.13,0.46,10.2,No,10.2
La Germania,299,3.0,Eco 50°,143.0,-,12.3,No,12.8
HISENSE,274,3.5,ECO,169.0,0.0,12.65,No,12.7
FISHER & PAYKEL,245,4.0,Eco,230.0,1.2,11.0,No,10.8
FISHER & PAYKEL,245,4.0,Eco,230.0,1.2,11.0,No,10.8
MIDEA,142,1.0,ECO,176.5,0.579,4.95,No,4.95
MIDEA,230,4.0,ECO,195.0,1.03,11.98,No,12.2
MIDEA,259,3.5,Normal,168.5,0.47,12.0,No,12.0
MIDEA,265,3.5,Normal,168.5,0.47,12.0,No,12.0
MIDEA,137,3.5,ECO,172.81,0.39994,6.667,No,6.667
COMFEE,320,3.0,ECO,180.0,0.5,12.03,No,12.03
COMFEE,270,3.0,ECO,186.06,0.48,10.7,No,10.7
MIDEA,265,3.0,Normal,171.13,0.46,10.2,No,10.2
MIDEA,265,3.0,Normal,171.13,0.46,10.2,No,10.2
FISHER & PAYKEL,245,4.0,Eco,230.0,1.2,11.0,No,10.8
FISHER & PAYKEL,245,4.0,Eco,230.0,1.2,11.0,No,10.8
FISHER & PAYKEL,245,4.0,Eco,230.0,1.2,11.0,No,10.8
COMFEE,320,3.0,ECO,180.0,0.5,12.03,No,12.03
COMFEE,320,3.0,ECO,180.0,0.5,12.03,No,12.03
MIDEA,259,3.5,Normal,168.5,0.47,12.0,No,12.0
MIDEA,259,3.5,Normal,168.5,0.47,12.0,No,12.0
KLEENMAID,265,3.0,Eco,170.0,0.46,10.2,No,10.5
Franke,238,4.0,ECO,195.0,0.511201,11.78,No,12.0
AWARD,295,3.0,ECO,174.2,0.49,12.1,Yes,25.0
IKEA,206,4.5,Eco 45 degrees,186.0,0.141,11.94,Yes,12.2
IKEA,245,4.0,Eco 45 degrees,190.0,0.088,12.02,Yes,12.2
Eurotech,137,3.5,ECO,170.0,0.39994,6.667,No,6.7
Eurotech,137,3.5,ECO,166.0,0.359,6.6,No,6.6
Haier,290,2.0,Normal,116.0,0.59,11.2,No,12.0
MIELE,229,4.0,ECO,180.0,0.26,13.14,Yes,13.2
MIELE,229,4.0,ECO,180.0,0.26,13.14,Yes,13.2
MIELE,222,4.0,ECO,178.0,0.29,13.11,Yes,13.1
MIELE,222,4.0,ECO,178.0,0.29,13.11,Yes,13.1
MIELE,222,4.0,ECO,178.0,0.29,13.11,Yes,13.1
MIELE,229,4.0,ECO,180.0,0.26,13.14,Yes,13.2
IKEA,359,2.5,Eco 50,226.0,-,10.0,Yes,10.5
Everdure,205,3.0,ECO,175.0,0.47,10.9,No,10.9
Everdure,205,3.0,ECO,175.0,0.47,10.9,No,10.9
Everdure,205,3.0,ECO,175.0,0.47,10.9,No,10.9
FISHER & PAYKEL,134,3.5,Normal Eco,186.0,0.488,6.76,No,6.9
FISHER & PAYKEL,134,3.5,Normal Eco,186.0,0.488,6.76,No,6.9
FISHER & PAYKEL,134,3.5,Normal Eco,186.0,0.488,6.76,No,6.9
FISHER & PAYKEL,134,3.5,Normal Eco,186.0,0.488,6.76,No,6.9
FISHER & PAYKEL,134,3.5,Normal Eco,186.0,0.488,6.76,No,6.9
FISHER & PAYKEL,134,3.5,Normal Eco,186.0,0.488,6.76,No,6.9
FISHER & PAYKEL,134,3.5,Normal Eco,186.0,0.488,6.76,No,6.9
FISHER & PAYKEL,134,3.5,Normal Eco,186.0,0.488,6.76,No,6.9
FISHER & PAYKEL,134,3.5,Normal Eco,186.0,0.488,6.76,No,6.9
FISHER & PAYKEL,134,3.5,Normal Eco,186.0,0.488,6.76,No,6.9
Everdure,267,3.0,ECO,185.0,0.48,10.7,No,10.7
Everdure,267,3.0,ECO,185.0,0.48,10.7,No,10.7
Everdure,267,3.0,ECO,185.0,0.48,10.7,No,10.7
Everdure,267,3.0,ECO,185.0,0.48,10.7,No,10.7
IKEA,304,3.0,Eco 50,240.0,-,9.6,No,10.2
IKEA,326,3.0,Eco 50,241.0,0.45,10.5,No,10.7
Platinum,265,3.5,Normal,169.0,0.47,12.0,No,12.0
Altus,324,3.0,Eco 45ºC,126.0,0.458,15.03,No,15.3
Altus,324,3.0,Eco 45ºC,126.0,0.458,15.03,No,15.3
Altus,324,3.0,Eco 45ºC,126.0,0.458,15.03,No,15.3
VOGUE,270,3.0,ECO,186.06,0.0,10.7,No,10.7
Eurolux,267,3.0,ECO,185.0,0.48,10.7,No,10.7
Omega,164,2.5,Normal,129.91,0.52,7.4,No,7.4
Glen Dimplex,208,3.0,Normal,110.0,0.035,9.2,No,9.4
MIELE,225,3.0,ECO,158.0,0.08,9.0,Yes,9.4
MIELE,225,3.0,ECO,158.0,0.08,9.0,Yes,9.4
MIELE,225,3.0,ECO,158.0,0.08,9.0,Yes,9.4
MIELE,192,4.5,Eco,169.0,0.1,11.39,Yes,11.4
MIELE,192,4.5,Eco,169.0,0.1,11.39,Yes,11.4
MIELE,192,4.5,Eco,169.0,0.1,11.39,Yes,11.4
MIELE,192,4.5,Eco,169.0,0.1,11.39,Yes,11.4
MIELE,192,4.5,Eco,169.0,0.1,11.39,Yes,11.4
MIELE,192,4.5,Eco,169.0,0.1,11.39,Yes,11.4
NORJ,310,3.0,Normal,113.0,0.0,13.5,No,13.7
BLANCO,294,3.5,ECO,156.93,0.8,13.4,No,27.0
Robinhood,208,3.0,Normal,110.0,0.035,9.2,No,9.4
FISHER & PAYKEL,271,3.5,Normal Eco,175.0,0.663,11.4,No,11.4
FISHER & PAYKEL,271,3.5,Normal Eco,175.0,0.663,11.4,No,11.4
FISHER & PAYKEL,271,3.5,Normal Eco,175.0,0.663,11.4,No,11.4
FISHER & PAYKEL,263,3.5,Normal Eco,175.0,0.516,11.5,No,11.5
FISHER & PAYKEL,263,3.5,Normal Eco,175.0,0.516,11.5,No,11.5
FISHER & PAYKEL,263,3.5,Normal Eco,175.0,0.516,11.5,No,11.5
Technika,259,3.5,ECO,170.0,0.47,12.0,No,12.0
Vision,274,3.0,Normal,112.0,0.0,11.3,No,11.8
HISENSE,274,3.5,ECO,169.0,0.0,12.65,No,12.7
HISENSE,274,3.5,ECO,169.0,0.0,12.65,No,12.7
HISENSE,274,3.5,ECO,169.0,0.0,12.65,No,12.7
GAGGENAU,230,4.0,Ec0 45 degrees,192.0,0.34,11.38,Yes,11.5
GAGGENAU,245,4.0,Eco 45 degrees,193.0,0.235,10.76,Yes,11.0
ELECTROLUX,320,3.0,ECO,182.0,0.5,12.02,No,12.5
ELECTROLUX,320,3.0,ECO,182.0,0.5,12.02,No,12.5
ELECTROLUX,320,3.0,ECO,182.0,0.5,12.02,No,12.5
Midea,137,3.5,ECO,170.0,0.39994,6.667,No,6.7
Midea,137,3.5,ECO,170.0,0.39994,6.667,No,6.7
Midea,137,3.5,ECO,195.211,0.359,6.6,No,6.6
Midea,137,3.5,ECO,195.211,0.359,6.6,No,6.6
Midea,276,3.5,ECO,192.73,0.679,12.48,No,12.48
Midea,276,3.5,ECO,192.73,0.679,12.48,No,12.48
Midea,276,3.5,ECO,192.73,0.679,12.48,No,12.48
Midea,276,3.5,ECO,192.73,0.679,12.48,No,12.48
Midea,276,3.5,ECO,192.73,0.679,12.48,No,12.48
NEFF,245,4.0,Eco 45 degrees,193.0,0.235,10.76,Yes,11.0
NEFF,245,4.0,Eco 45 degrees,193.0,0.235,10.76,Yes,11.0
NEFF,245,4.0,Eco 45 degrees,193.0,0.235,10.76,Yes,11.0
NEFF,230,4.0,Eco 45 degrees,192.0,0.235,11.26,Yes,11.4
NEFF,230,4.0,Eco 45 degrees,192.0,0.235,11.26,Yes,11.4
NEFF,230,4.0,Eco 45 degrees,192.0,0.235,11.26,Yes,11.4
BOSCH,205,3.5,Eco Wash,147.1,0.14,10.95,Yes,11.2
BOSCH,205,3.0,Eco Wash,148.2,0.11,10.91,Yes,11.2
BOSCH,255,3.5,Eco Wash,169.3,0.12,12.3,No,12.7
BOSCH,255,3.5,Eco Wash,169.3,0.12,12.3,No,12.7
BOSCH,255,3.5,Eco Wash,169.3,0.12,12.3,No,12.7
BOSCH,255,3.5,Eco Wash,171.5,0.119,12.39,No,12.7
BOSCH,230,4.0,Eco Wash,184.0,0.14,13.22,No,13.5
BOSCH,230,4.0,Eco Wash,184.0,0.14,13.22,No,13.5
BOSCH,230,4.0,Eco Wash,184.0,0.14,13.22,No,13.5
BOSCH,230,4.0,Eco Wash,184.0,0.14,13.22,No,13.5
BOSCH,230,4.0,Eco Wash,183.0,0.14,13.23,No,13.5
Ilve,311,2.5,Normal,113.0,0.0,12.0,No,12.0
Artusi,278,3.0,Normal,139.0,0.0,11.7,No,11.7
BOSCH,245,4.0,Eco Wash,192.0,0.21,10.76,Yes,11.0
BOSCH,245,4.0,Eco Wash,192.0,0.21,10.76,Yes,11.0
BOSCH,245,4.0,Eco Wash,192.0,0.21,10.76,Yes,11.0
BOSCH,245,4.0,Eco Wash,192.0,0.21,10.76,Yes,11.0
BOSCH,230,4.0,Eco Wash,192.0,0.15,11.29,Yes,11.4
BOSCH,245,4.0,Eco Wash,193.0,0.235,10.76,Yes,11.0
BOSCH,245,4.0,Eco Wash,193.0,0.235,10.76,Yes,11.0
BOSCH,245,4.0,Eco Wash,193.0,0.235,10.76,Yes,11.0
BOSCH,230,4.0,Eco Wash,222.0,0.187,11.27,Yes,11.5
BOSCH,245,4.0,Eco Wash,193.0,0.208,10.71,Yes,11.0
BOSCH,230,4.0,Eco Wash,185.0,0.469,13.32,Yes,13.5
BOSCH,230,4.0,Eco Wash,185.0,0.469,13.32,Yes,13.5
BOSCH,230,4.0,Eco Wash,185.0,0.469,13.32,Yes,13.5
BOSCH,230,4.0,Eco Wash,185.0,0.469,13.32,Yes,13.5
SIEMENS,245,4.0,Eco 45 degrees,193.0,0.235,10.76,Yes,11.0
SIEMENS,245,4.0,Eco 45 degrees,193.0,0.235,10.76,Yes,11.0
SIEMENS,245,4.0,Eco 45 degrees,193.0,0.235,10.76,Yes,11.0
SIEMENS,245,4.0,Eco 45 degrees,193.0,0.235,10.76,Yes,11.0
SIEMENS,230,4.0,Eco 45 degrees,192.0,0.235,11.26,Yes,11.4
SIEMENS,230,4.0,Eco 45 degrees,192.0,0.235,11.26,Yes,11.4
SIEMENS,230,4.0,Eco 45 degrees,192.0,0.235,11.26,Yes,11.4
BOSCH,230,4.0,Eco Wash,192.0,0.235,11.26,Yes,11.4
BOSCH,230,4.0,Eco Wash,192.0,0.235,11.26,Yes,11.4
BOSCH,230,4.0,Eco Wash,192.0,0.235,11.26,Yes,11.4
BOSCH,230,4.0,Eco Wash,192.0,0.235,11.26,Yes,11.4
BOSCH,230,4.0,Eco Wash,192.0,0.235,11.26,Yes,11.4
COMFEE,270,3.0,ECO,186.06,0.48,10.7,No,10.7
COMFEE,270,3.0,ECO,186.06,0.48,10.7,No,10.7
BOSCH,215,4.0,Eco Wash,190.0,0.28,11.29,Yes,11.5
Artusi,311,2.5,Normal,113.0,0.0,12.0,No,12.0
Artusi,311,2.5,Normal,113.0,0.0,12.0,No,12.0
Artusi,311,2.5,Normal,113.0,0.0,12.0,No,12.0
VOGUE,270,3.0,ECO,186.06,0.0,10.7,No,10.7
COMFEE,270,3.0,ECO,186.06,-,10.7,No,10.7
COMFEE,270,3.0,ECO,186.06,-,10.7,No,10.7
COMFEE,270,3.0,ECO,186.06,-,10.7,No,10.7
COMFEE,270,3.0,ECO,186.06,0.48,10.7,No,10.7
COMFEE,270,3.0,ECO,186.06,0.48,10.7,No,10.7
COMFEE,270,3.0,ECO,186.06,0.48,10.7,No,10.7
COMFEE,270,3.0,ECO,186.06,0.48,10.7,No,10.7
VOGUE,320,3.0,ECO,180.0,0.49999,12.03,No,12.03
VOGUE,320,3.0,ECO,180.0,0.49999,12.03,No,12.03
VOGUE,320,3.0,ECO,180.0,0.49999,12.03,No,12.03
VOGUE,320,3.0,ECO,180.0,0.49999,12.03,No,12.03
VOGUE,320,3.0,ECO,180.0,0.49999,12.03,No,12.03
Ilve,227,4.0,Normal,179.0,0.2,12.0,No,12.0
Ilve,227,4.0,Normal,179.0,0.2,12.0,No,12.0
Ilve,227,4.0,Normal,179.0,0.2,12.0,No,12.0
Ilve,227,4.0,Normal,179.0,0.2,12.0,No,12.0
Ilve,227,4.0,Normal,179.0,0.2,12.0,No,12.0
BOSCH,245,4.0,Eco Wash,188.0,0.089,11.6,Yes,12.2
BOSCH,245,4.0,Eco Wash,188.0,0.089,11.6,Yes,12.2
BOSCH,245,4.0,Eco Wash,188.0,0.089,11.6,Yes,12.2
AWARD,158,2.5,ECO 47c Wash 50c Dry,129.91,0.52,7.4,No,7.4
AWARD,158,2.5,ECO 47c Wash 50c Dry,129.91,0.52,7.4,No,7.4
AWARD,158,2.5,ECO 47c Wash 50c Dry,129.91,0.52,7.4,No,7.4
Bellisimo by Technika,256,3.0,Normal,171.1,0.46,10.2,No,10.2
Technika,287,3.0,Normal,174.2,0.49,12.3,No,12.3
Technika,287,3.0,ECO,174.2,0.49,12.3,No,12.3
Technika,259,3.5,Normal,168.5,0.47,12.0,No,12.0
GAGGENAU,305,3.0,Eco,232.0,0.35,9.49,Yes,9.8
GAGGENAU,305,3.0,Eco,232.0,0.36,9.62,Yes,9.8
BOSCH,230,4.0,Eco Wash + Efficient dry,223.0,0.26,11.35,Yes,11.5
BOSCH,230,4.0,Eco Wash + Efficient dry,223.0,0.26,11.35,Yes,11.5
BOSCH,230,4.0,Eco Wash + Efficient dry,223.0,0.26,11.35,Yes,11.5
BOSCH,230,4.0,Eco Wash + Efficient dry,223.0,0.26,11.35,Yes,11.5
Veneto,274,3.0,Normal,112.0,0.031,11.3,No,11.8
Teka,263,4.0,Eco 45 degC,196.23,0.382,12.65,No,12.7
Veneto,270,3.0,ECO,185.0,0.48,10.7,No,10.8
Bellissimo,270,3.0,ECO,185.0,0.48,10.7,No,10.8
Artusi,205,2.5,ECO,160.0,0.533,9.157,No,9.4
Artusi,205,2.5,ECO,160.0,0.533,9.157,No,9.4
Artusi,205,2.5,ECO,160.0,0.533,9.157,No,9.4
Artusi,205,2.5,ECO,160.0,0.533,9.157,No,9.4
Artusi,158,3.0,Daily+Eco,147.82,0.297,8.21,No,8.2
Artusi,158,3.0,Daily+Eco,147.82,0.297,8.21,No,8.2
Artusi,158,3.0,Daily+Eco,147.82,0.297,8.21,No,8.2
Artusi,267,3.0,ECO,186.06,0.48,10.7,No,10.7
Artusi,267,3.0,ECO,186.06,0.48,10.7,No,10.7
Artusi,267,3.0,ECO,186.06,0.48,10.7,No,10.7
Anko,270,3.0,Eco,186.06,-,10.7,No,22.0
Anko,270,3.0,Eco,186.06,-,10.7,No,22.0
Anko,270,3.0,Eco,186.06,-,10.7,No,22.0
Anko,270,3.0,Eco,186.06,-,10.7,No,22.0
Anko,270,3.0,Eco,186.06,-,10.7,No,22.0
Comfee,164,2.5,ECO,130.0,0.52,7.4,No,7.4
Comfee,164,2.5,ECO,130.0,0.52,7.4,No,7.4
Comfee,164,2.5,ECO,130.0,0.52,7.4,No,7.4
Comfee,210,2.5,ECO,160.0,0.533,9.157,No,9.3
Comfee,210,2.5,ECO,160.0,0.533,9.157,No,9.3
Comfee,210,2.5,ECO,160.0,0.533,9.157,No,9.3
Hafele,280,3.5,Eco,191.16,0.679,12.48,No,26.5
MIELE,200,4.5,ECO,169.0,0.27,11.0,Yes,11.1
MIELE,200,4.5,ECO,169.0,0.27,11.0,Yes,11.1
MIELE,200,4.5,ECO,169.0,0.27,11.0,Yes,11.1
MIELE,200,4.5,ECO,169.0,0.27,11.0,Yes,11.1
MIELE,200,4.5,ECO,169.0,0.27,11.0,Yes,11.1
MIELE,200,4.5,ECO,169.0,0.27,11.0,Yes,11.1
MIELE,200,4.5,ECO,169.0,0.27,11.0,Yes,11.1
MIELE,200,4.5,ECO,169.0,0.27,11.0,Yes,11.1
BOSCH,230,4.0,Eco Wash,192.0,0.15,11.29,Yes,11.4
HELLER,324,3.0,Eco 45ºC,125.0,0.458,15.03,No,15.3
FISHER & PAYKEL,246,4.0,Normal Eco,226.0,0.129,11.085,No,11.1
FISHER & PAYKEL,246,4.0,Normal Eco,226.0,0.129,11.085,No,11.1
FISHER & PAYKEL,246,4.0,Normal Eco,226.0,0.129,11.085,No,11.1
FISHER & PAYKEL,246,4.0,Normal Eco,226.0,0.129,11.085,No,11.1
FISHER & PAYKEL,246,4.0,Normal Eco,226.0,0.129,11.085,No,11.1
FISHER & PAYKEL,136,3.5,Normal Eco,163.0,0.4639,6.837,No,6.9
FISHER & PAYKEL,136,3.5,Normal Eco,163.0,0.4639,6.837,No,6.9
FISHER & PAYKEL,136,3.5,Normal Eco,163.0,0.4639,6.837,No,6.9
FISHER & PAYKEL,136,3.5,Normal Eco,163.0,0.4639,6.837,No,6.9
FISHER & PAYKEL,136,3.5,Normal Eco,163.0,0.4639,6.837,No,6.9
FISHER & PAYKEL,136,3.5,Normal Eco,163.0,0.4639,6.837,No,6.9
FISHER & PAYKEL,136,3.5,Normal Eco,163.0,0.4639,6.837,No,6.9
FISHER & PAYKEL,136,3.5,Normal Eco,163.0,0.4639,6.837,No,6.9
FISHER & PAYKEL,136,3.5,Normal Eco,163.0,0.4639,6.837,No,6.9
FISHER & PAYKEL,136,3.5,Normal Eco,163.0,0.4639,6.837,No,6.9
FISHER & PAYKEL,136,3.5,Normal Eco,163.0,0.4639,6.837,No,6.9
FISHER & PAYKEL,136,3.5,Normal Eco,163.0,0.4639,6.837,No,6.9
TECO,164,2.5,Normal,135.0,0.52,7.4,No,7.4
TECO,164,2.5,Normal,135.0,0.52,7.4,No,7.4
TECO,164,2.5,Normal,135.0,0.52,7.4,No,7.4
Technika,295,3.0,ECO,175.0,0.49,12.3,No,12.5
Bellini,265,3.0,NORMAL,170.0,0.46,10.2,No,10.5
Bellini,265,3.0,NORMAL,170.0,0.46,10.2,No,10.5
Bellini,265,3.0,NORMAL,170.0,0.46,10.2,No,10.5
Bellini,265,3.0,NORMAL,170.0,0.46,10.2,No,10.5
Bellini,265,3.0,NORMAL,170.0,0.46,10.2,No,10.5
TECO,205,3.0,ECO,175.0,0.47,10.9,No,11.2
TECO,205,3.0,ECO,175.0,0.47,10.9,No,11.2
TECO,205,3.0,ECO,175.0,0.47,10.9,No,11.2
BLANCO,294,3.5,Eco,156.93,0.08,13.4,No,13.4
BLANCO,294,3.5,ECO,156.93,0.08,13.4,No,13.4
EURO,324,3.0,Eco 45°C,125.0,0.458,15.03,No,15.3
BLANCO,276,3.5,ECO,156.93,0.08,13.4,No,13.4
TECO,295,3.0,ECO,175.0,0.49,12.3,No,12.5
Smeg,281,3.0,Normal ECO,178.0,0.064,14.7,No,14.7
Technika,265,3.5,ECO,170.0,0.47,12.0,No,12.5
Mistral,295,3.0,ECO,170.0,0.49,12.3,No,10.5
Mistral,295,3.0,ECO,170.0,0.49,12.3,No,10.5
Mistral,295,3.0,ECO,170.0,0.49,12.3,No,10.5
Mistral,295,3.0,ECO,170.0,0.49,12.3,No,10.5
Mistral,295,3.0,ECO,170.0,0.49,12.3,No,10.5
Mistral,295,3.0,ECO,170.0,0.49,12.3,No,10.5
Franke,265,3.5,Eco,168.0,0.47,12.0,No,12.5
Franke,265,3.5,Eco,168.0,0.47,12.0,No,12.5
Franke,265,3.5,Eco,168.0,0.47,12.0,No,12.5
TECO,205,3.0,ECO,175.0,0.47,10.9,No,11.2
NORJ,204,3.0,Normal,110.0,0.035,9.2,No,9.4
Artusi,294,3.5,ECO,155.15,0.08,13.4,No,13.5
WHIRLPOOL,325,3.0,Eco 50 degree C,159.0,1.032,11.9,Yes,12.0
Bellini,295,3.0,ECO,170.0,0.49,12.3,No,10.5
Bellini,295,3.0,ECO,170.0,0.49,12.3,No,10.5
Bellini,295,3.0,ECO,170.0,0.49,12.3,No,10.5
Bellini,295,3.0,ECO,170.0,0.49,12.3,No,10.5
Bellini,295,3.0,ECO,170.0,0.49,12.3,No,10.5
Bellini,295,3.0,ECO,170.0,0.49,12.3,No,10.5
Bellini,295,3.0,ECO,170.0,0.49,12.3,No,10.5
EVOKE,267,3.0,ECO,186.06,0.48,10.7,No,10.7
EVOKE,267,3.0,ECO,186.06,0.48,10.7,No,10.7
EVOKE,267,3.0,ECO,186.06,0.48,10.7,No,10.7
Mistral,265,3.0,NORMAL,170.0,0.46,10.2,No,10.5
Mistral,265,3.0,NORMAL,170.0,0.46,10.2,No,10.5
Mistral,265,3.0,NORMAL,170.0,0.46,10.2,No,10.5
Mistral,265,3.0,NORMAL,170.0,0.46,10.2,No,10.5
ARISTON,325,3.0,Eco 50 degree C,159.0,1.032,11.9,Yes,12.0
MIELE,197,4.5,Eco,225.0,0.23,9.56,Yes,9.6
MIELE,197,4.5,Eco,225.0,0.23,9.56,Yes,9.6
MIELE,197,4.5,Eco,225.0,0.23,9.56,Yes,9.6
MIELE,197,4.5,Eco,225.0,0.23,9.56,Yes,9.6
MIELE,197,4.5,Eco,225.0,0.23,9.56,Yes,9.6
MIELE,197,4.5,Eco,225.0,0.23,9.56,Yes,9.6
MIELE,197,4.5,Eco,225.0,0.23,9.56,Yes,9.6
MIELE,197,4.5,Eco,225.0,0.23,9.56,Yes,9.6
MIELE,197,4.5,Eco,225.0,0.23,9.56,Yes,9.6
Mistral,295,3.0,ECO,170.0,0.49,12.3,No,10.5
Mistral,265,3.0,NORMAL,170.0,0.46,10.2,No,10.5
MIELE,189,4.5,Eco,228.0,0.21,9.24,Yes,9.2
MIELE,189,4.5,Eco,228.0,0.21,9.24,Yes,9.2
MIELE,189,4.5,Eco,228.0,0.21,9.24,Yes,9.2
MIELE,189,4.5,Eco,228.0,0.21,9.24,Yes,9.2
MIELE,189,4.5,Eco,228.0,0.21,9.24,Yes,9.2
MIELE,189,4.5,Eco,228.0,0.21,9.24,Yes,9.2
MIELE,189,4.5,Eco,228.0,0.21,9.24,Yes,9.2
MIELE,189,4.5,Eco,228.0,0.21,9.24,Yes,9.2
MIELE,189,4.5,Eco,228.0,0.21,9.24,Yes,9.2
MIELE,189,4.5,Eco,228.0,0.21,9.24,Yes,9.2
Platinum,265,3.0,Eco,171.0,0.46,10.2,No,10.2
NEFF,235,4.0,Eco 45,167.0,0.091,11.85,Yes,12.0
NEFF,235,4.0,Eco 45,167.0,0.091,11.85,Yes,12.0
NEFF,235,4.0,Eco 45,167.0,0.091,11.85,Yes,12.0
NEFF,235,4.0,Eco 45,167.0,0.091,11.85,Yes,12.0
NEFF,235,4.0,Eco 45,167.0,0.091,11.85,Yes,12.0
SIEMENS,235,4.0,Eco 45,167.0,0.091,11.85,Yes,12.0
SIEMENS,235,4.0,Eco 45,167.0,0.091,11.85,Yes,12.0
SIEMENS,235,4.0,Eco 45,167.0,0.091,11.85,Yes,12.0
SIEMENS,235,4.0,Eco 45,167.0,0.091,11.85,Yes,12.0
SIEMENS,235,4.0,Eco 45,167.0,0.091,11.85,Yes,12.0
SIEMENS,235,4.0,Eco 45,167.0,0.091,11.85,Yes,12.0
BOSCH,235,4.0,Eco 45,167.0,0.091,11.85,Yes,12.0
BOSCH,235,4.0,Eco 45,167.0,0.091,11.85,Yes,12.0
BOSCH,235,4.0,Eco 45,167.0,0.091,11.85,Yes,12.0
BOSCH,235,4.0,Eco 45,167.0,0.091,11.85,Yes,12.0
BOSCH,235,4.0,Eco 45,167.0,0.091,11.85,Yes,12.0
BOSCH,235,4.0,Eco 45,167.0,0.091,11.85,Yes,12.0
BOSCH,235,4.0,Eco 45,167.0,0.091,11.85,Yes,12.0
BOSCH,235,4.0,Eco 45,167.0,0.091,11.85,Yes,12.0
BOSCH,235,4.0,Eco 45,167.0,0.091,11.85,Yes,12.0
BOSCH,235,4.0,Eco 45,167.0,0.091,11.85,Yes,12.0
BOSCH,235,4.0,Eco 45,167.0,0.091,11.85,Yes,12.0
BOSCH,235,4.0,Eco 45,167.0,0.091,11.85,Yes,12.0
SIEMENS,205,4.5,Eco 45,156.0,0.149,12.0,Yes,12.0
SIEMENS,205,4.5,Eco 45,156.0,0.149,12.0,Yes,12.0
SIEMENS,205,4.5,Eco 45,156.0,0.149,12.0,Yes,12.0
SIEMENS,205,4.5,Eco 45,156.0,0.149,12.0,Yes,12.0
SIEMENS,205,4.5,Eco 45,156.0,0.149,12.0,Yes,12.0
BOSCH,205,4.5,Eco 45,156.0,0.149,12.0,Yes,12.0
BOSCH,205,4.5,Eco 45,156.0,0.149,12.0,Yes,12.0
BOSCH,205,4.5,Eco 45,156.0,0.149,12.0,Yes,12.0
BOSCH,230,4.0,Eco 45,153.0,0.073,13.31,Yes,13.4
BOSCH,230,4.0,Eco 45,153.0,0.073,13.31,Yes,13.4
BOSCH,230,4.0,Eco 45,153.0,0.073,13.31,Yes,13.4
BOSCH,230,4.0,Eco 45,153.0,0.073,13.31,Yes,13.4
BOSCH,235,4.0,Eco 45,167.0,0.091,11.85,Yes,12.0
BOSCH,235,4.0,Eco 45,167.0,0.091,11.85,Yes,12.0
BOSCH,235,4.0,Eco 45,167.0,0.091,11.85,Yes,12.0
BOSCH,230,4.0,Eco 45,150.0,0.131,13.4,Yes,13.4
BOSCH,230,4.0,Eco 45,150.0,0.131,13.4,Yes,13.4
BOSCH,230,4.0,Eco 45,150.0,0.131,13.4,Yes,13.4
BOSCH,230,4.0,Eco 45,150.0,0.131,13.4,Yes,13.4
BOSCH,230,4.0,Eco 45,150.0,0.131,13.4,Yes,13.4
BOSCH,230,4.0,Eco 45,150.0,0.131,13.4,Yes,13.4
BOSCH,230,4.0,Eco 45,150.0,0.131,13.4,Yes,13.4
BOSCH,230,4.0,Eco 45,150.0,0.131,13.4,Yes,13.4
Smeg,267,3.5,Normal Eco,147.0,0.3807,11.3,No,11.3
Smeg,267,3.5,Normal Eco,147.0,0.3807,11.3,No,11.3
Smeg,267,3.5,Normal Eco,147.0,0.3807,11.3,No,11.3
Smeg,267,3.5,Normal Eco,147.0,0.3807,11.3,No,11.3
Smeg,267,3.5,Normal Eco,147.0,0.3807,11.3,No,11.3
Smeg,267,3.5,Normal Eco,147.0,0.3807,11.3,No,11.3
Smeg,267,3.5,Normal Eco,147.0,0.3807,11.3,No,11.3
Tisira,210,3.0,ECO,182.0,0.47,10.9,No,10.9
Artusi,205,3.0,ECO,181.89,0.47,10.9,No,10.9
FISHER & PAYKEL,132,3.5,Eco,166.0,0.3864,6.896,No,6.9
tisira,278,3.0,Eco 50°,142.59,0.06,12.3,No,23.0
tisira,278,3.0,Eco 50°,142.59,0.06,12.3,No,23.0
tisira,278,3.0,Eco 50°,142.59,0.06,12.3,No,23.0
WHIRLPOOL,325,3.0,Normal,157.31,0.28,12.0,Yes,12.5
EURO,294,3.5,Eco,157.0,0.8,13.4,No,13.5
EURO,294,3.5,Eco,157.0,0.8,13.4,No,13.5
EURO,294,3.5,Eco,157.0,0.8,13.4,No,13.5
ASKO,275,3.5,ECO wash,155.0,0.5,12.7,Yes,12.7
ASKO,295,3.5,ECO wash,169.0,0.5,12.2,Yes,12.2
ASKO,295,3.5,ECO wash,169.0,0.5,12.2,Yes,12.2
ASKO,295,3.5,ECO wash,169.0,0.5,12.2,Yes,12.2
ASKO,295,3.5,ECO wash,169.0,0.5,12.2,Yes,12.2
ASKO,295,3.5,ECO wash,169.0,0.5,12.2,Yes,12.2
ASKO,314,3.5,ECO wash,178.0,0.5,10.6,Yes,10.6
ASKO,314,3.5,ECO wash,178.0,0.5,10.6,Yes,10.6
ASKO,314,3.5,ECO wash,178.0,0.5,10.6,Yes,10.6
FISHER & PAYKEL,286,3.5,Normal Eco,174.0,0.36,11.25,No,11.4
FISHER & PAYKEL,286,3.5,Normal Eco,174.0,0.36,11.25,No,11.4
FISHER & PAYKEL,286,3.5,Normal Eco,174.0,0.36,11.25,No,11.4
FISHER & PAYKEL,286,3.5,Normal Eco,174.0,0.36,11.25,No,11.4
Technika,310,3.0,Normal,113.0,0.051175,14.0,No,13.8
Technika,310,3.0,Normal,113.0,0.051175,14.0,No,13.8
Technika,310,3.0,Normal,113.0,0.051175,14.0,No,13.8
Midea,137,3.5,Eco,170.0,0.39994,6.667,No,6.7
Midea,137,3.5,ECO,167.0,0.359,6.6,No,6.7
Midea,280,3.5,Eco,192.0,0.679,12.48,No,12.7
Midea,230,4.0,Eco,195.0,1.03,11.98,No,12.2
Bellini,265,3.5,NORMAL,170.0,0.47,12.0,No,12.7
Bellini,265,3.5,NORMAL,170.0,0.47,12.0,No,12.7
Bellini,265,3.5,NORMAL,170.0,0.47,12.0,No,12.7
Haier,235,3.0,Eco,146.0,0.6,11.0,No,11.4
Mistral,265,3.5,NORMAL,170.0,0.47,12.0,No,12.7
Artusi,205,3.0,ECO,181.89,0.47,10.9,No,10.9
MIELE,274,3.5,Eco,165.0,0.15,11.19,Yes,11.3
MIELE,274,3.5,Eco,165.0,0.15,11.19,Yes,11.3
MIELE,274,3.5,Eco,165.0,0.15,11.19,Yes,11.3
MIELE,274,3.5,Eco,165.0,0.15,11.19,Yes,11.3
MIELE,274,3.5,Eco,165.0,0.15,11.19,Yes,11.3
WHIRLPOOL,258,3.5,ECO 50 degree,192.0,0.36,13.033,Yes,13.5
WHIRLPOOL,258,3.5,ECO 50 degree,192.0,0.36,13.033,Yes,13.5
WHIRLPOOL,258,3.5,ECO 50 degree,192.0,0.36,13.033,Yes,13.5
WHIRLPOOL,268,3.5,ECO 50°C,187.63,0.41,9.7,Yes,10.3
WHIRLPOOL,268,3.5,ECO 50°C,187.63,0.41,9.7,Yes,10.3
WHIRLPOOL,268,3.5,ECO 50°C,187.63,0.41,9.7,Yes,10.3
AEG,246,4.0,ECO,179.0,0.23,11.86,No,12.2
AEG,246,4.0,ECO,179.0,0.23,11.86,No,12.2
AEG,246,4.0,ECO,179.0,0.23,11.86,No,12.2
AEG,246,4.0,ECO,179.0,0.23,11.86,No,12.2
ELECTROLUX,246,4.0,ECO,179.0,0.23,11.86,No,12.2
AEG,273,3.5,Eco,179.0,0.21,11.2,No,11.2
ELECTROLUX,273,3.5,Eco,179.0,0.21,11.2,No,11.2
ELECTROLUX,273,3.5,Eco,179.0,0.21,11.2,No,11.2
ELECTROLUX,273,3.5,Eco,179.0,0.21,11.2,No,11.2
Eurotech,210,3.0,ECO,181.89,0.47,10.9,No,10.9
Eurotech,295,3.0,ECO,174.2,0.49,12.3,No,12.3
Tuscany,270,3.0,ECO,186.6,-,10.7,No,10.7
Tuscany,270,3.0,ECO,186.6,-,10.7,No,10.7
Tuscany,270,3.0,ECO,186.6,-,10.7,No,10.7
NEFF,230,4.0,Eco 45 degrees,185.0,0.469,13.32,No,13.5
AEG,246,4.0,ECO,179.0,0.23,11.86,No,12.2
AEG,246,4.0,ECO,179.0,0.23,11.86,No,12.2
AEG,246,4.0,ECO,179.0,0.23,11.86,No,12.2
Omega,259,3.5,Normal,168.5,0.47,12.0,No,12.0
Master Kitchen,237,4.0,ECO,195.0,1.03,11.98,No,12.2
TOSHIBA,295,3.0,ECO,174.2,0.49,12.3,No,12.5
TOSHIBA,295,3.0,ECO,174.2,0.49,12.3,No,12.5
TOSHIBA,295,3.0,ECO,174.2,0.49,12.3,No,12.5
TOSHIBA,237,4.0,ECO,195.0,1.03,11.98,No,12.0
TOSHIBA,237,4.0,ECO,195.0,1.03,11.98,No,12.0
TOSHIBA,237,4.0,ECO,195.0,1.03,11.98,No,12.0
TOSHIBA,280,3.5,ECO,192.73,0.679,12.48,No,13.2
TOSHIBA,280,3.5,ECO,192.73,0.679,12.48,No,13.2
TOSHIBA,280,3.5,ECO,192.73,0.679,12.48,No,13.2
Omega,256,3.0,Normal,171.13,0.46,10.2,No,10.2
Omega,256,3.0,Normal,171.13,0.46,10.2,No,10.2
Omega,256,3.0,Normal,171.13,0.46,10.2,No,10.2
Omega,259,3.5,Normal,168.5,0.47,12.0,No,12.0
Omega,259,3.5,Normal,168.5,0.47,12.0,No,12.0
Omega,259,3.5,Normal,168.5,0.47,12.0,No,12.0
Omega,259,3.5,Normal,168.5,0.47,12.0,No,12.0
BLANCO,259,3.5,Normal,168.5,0.47,12.0,No,12.0
Omega,189,3.5,Eco,179.339,0.478834,11.0,No,11.0
BOSCH,245,4.0,Eco Wash,193.0,0.235,10.76,Yes,11.0
BOSCH,245,4.0,Eco Wash,193.0,0.235,10.76,Yes,11.0
BOSCH,245,4.0,Eco Wash,193.0,0.235,10.76,Yes,11.0
HISENSE,275,3.5,ECO,185.0,0.48,12.7,No,12.7
HISENSE,275,3.5,ECO,185.0,0.48,12.7,No,12.7
SAMSUNG ELECTRONICS,265,3.5,Eco,195.0,0.26,12.5,No,12.7
SAMSUNG ELECTRONICS,265,3.5,Eco,195.0,0.26,12.5,No,12.7
FISHER & PAYKEL,206,4.5,Eco,303.0,0.8,10.8,No,11.1
FISHER & PAYKEL,206,4.5,Eco,303.0,0.8,10.8,No,11.1
FISHER & PAYKEL,206,4.5,Eco,303.0,0.8,10.8,No,11.1
FISHER & PAYKEL,206,4.5,Eco,303.0,0.8,10.8,No,11.1
BOSCH,245,4.0,Eco Wash,193.0,0.21,11.07,Yes,11.1
BOSCH,245,4.0,Eco Wash,193.0,0.21,11.07,Yes,11.1
BOSCH,245,4.0,Eco Wash,193.0,0.21,11.07,Yes,11.1
KLEENMAID,164,2.5,ECO,135.0,0.52,7.4,No,7.4
Home Appliances,205,3.0,ECO,182.0,0.47,10.9,No,10.9
ARISTON,325,3.0,Eco 50°C,157.31,0.28,12.0,Yes,11.0
EURO,275,3.5,Eco 45°C,134.0,0.343,13.78,No,13.8
EURO,275,3.5,Eco 45°C,134.0,0.343,13.78,No,13.8
EURO,275,3.5,Eco 45°C,134.0,0.343,13.78,No,13.8
ARISTON,263,3.5,Eco 50 C,187.63,0.41,19.4,Yes,9.7
ARISTON,263,3.5,Eco 50 C,187.63,0.41,19.4,Yes,9.7
ARISTON,263,3.5,Eco 50 C,187.63,0.41,19.4,Yes,9.7
ARISTON,325,3.0,Eco 50°C,157.31,0.28,12.0,Yes,12.0
ARISTON,325,3.0,Eco 50°C,157.31,0.28,12.0,Yes,12.0
ARISTON,325,3.0,Eco 50°C,157.31,0.28,12.0,Yes,12.0
ARISTON,325,3.0,Eco 50°C,157.31,0.28,12.0,Yes,12.0
EURO,260,3.5,ECO,169.0,0.47,12.0,No,12.0
EURO,260,3.5,ECO,169.0,0.47,12.0,No,12.0
EURO,260,3.5,ECO,169.0,0.47,12.0,No,12.0
EURO,260,3.5,ECO,169.0,0.47,12.0,No,12.0
EURO,256,3.0,Eco,170.0,0.46,10.0,No,10.2
EURO,256,3.0,Eco,170.0,0.46,10.0,No,10.2
EURO,256,3.0,Eco,170.0,0.46,10.0,No,10.2
EURO,256,3.0,Eco,170.0,0.46,10.0,No,10.2
EURO,256,3.0,Eco,170.0,0.46,10.0,No,10.2
EURO,256,3.0,Eco,170.0,0.46,10.0,No,10.2
EURO,256,3.0,Eco,170.0,0.46,10.0,No,10.2
AKAI,267,3.0,ECO,186.06,-,10.7,No,22.0
ROBAM,287,3.0,ECO,174.2,0.49,12.3,No,25.0
HISENSE,246,4.0,Eco,204.0,0.41,11.8,No,12.2
HISENSE,246,4.0,Eco,204.0,0.41,11.8,No,12.2
FOTILE,155,1.0,ECO,210.0,-,6.2,No,6.2
FOTILE,155,1.0,ECO,210.0,-,6.2,No,6.2
BEKO,324,3.0,Eco 45ºC,126.0,0.458,15.03,No,15.3
BEKO,275,3.5,Eco 45ºC,133.0,0.34,13.78,No,13.8
HOOVER,299,3.0,Eco 50°,142.59,0.06,12.3,No,23.0
HOOVER,299,3.0,Eco 50°,142.59,0.06,12.3,No,23.0
HOOVER,299,3.0,Eco 50°,142.59,0.06,12.3,No,23.0
Inalto,189,3.5,ECO,209.4,0.478834,11.0,No,11.0
Inalto,189,3.5,ECO,209.4,0.478834,11.0,No,11.0
Omega,164,2.5,Normal,129.91,0.52,7.4,No,7.4
Belling,236,4.0,Normal,153.0,0.34,11.1,No,11.1
HISENSE,275,3.5,ECO,185.0,0.48,12.7,No,12.7
HISENSE,246,4.0,Eco,204.0,0.41,11.8,No,12.2
Midea,270,3.0,ECO,190.0,0.48,10.7,No,10.8
Midea,270,3.0,ECO,190.0,0.48,10.7,No,10.8
Midea,270,3.0,ECO,190.0,0.48,10.7,No,10.8
Midea,287,3.0,ECO,180.0,0.49,12.3,No,12.3
Midea,287,3.0,ECO,180.0,0.49,12.3,No,12.3
Midea,287,3.0,ECO,180.0,0.49,12.3,No,12.3
Midea,287,3.0,ECO,180.0,0.49,12.3,No,12.3
HISENSE,241,4.0,Eco 55,165.0,0.7,10.86,No,10.9
HISENSE,241,4.0,Eco 55,165.0,0.7,10.86,No,10.9
HISENSE,241,4.0,Eco 55,165.0,0.7,10.86,No,10.9
Ilve,205,3.0,ECO,181.89,0.47,10.9,No,10.9
Ilve,205,3.0,ECO,181.89,0.47,10.9,No,10.9
Ilve,205,3.0,ECO,181.89,0.47,10.9,No,10.9
Ilve,205,3.0,ECO,181.89,0.47,10.9,No,10.9
Ilve,158,2.5,ECO,129.91,0.52,7.4,No,7.4
Ilve,276,3.5,ECO,191.16,0.679,12.48,No,12.48
PARMCO,267,3.0,ECO,186.0,0.48,10.7,No,22.0
PARMCO,267,3.0,ECO,186.0,0.48,10.7,No,22.0
PARMCO,267,3.0,ECO,186.0,0.48,10.7,No,22.0
Inalto,319,3.0,ECO,180.0,0.50008,12.02,No,12.3
Inalto,319,3.0,ECO,180.0,0.50008,12.02,No,12.3
Inalto,319,3.0,ECO,180.0,0.50008,12.02,No,12.3
Inalto,319,3.0,ECO,180.0,0.50008,12.02,No,12.3
LG,246,4.0,Eco + Energy Saver,175.0,0.42,10.53,Yes,11.1
LG,246,4.0,Eco + Energy Saver,175.0,0.42,10.53,Yes,11.1
LG,246,4.0,Eco + Energy Saver,175.0,0.42,10.53,Yes,11.1
LG,246,4.0,Eco + Energy Saver,175.0,0.42,10.53,Yes,11.1
LG,230,4.0,Eco + Energy Saver,172.0,0.41,10.57,Yes,11.5
LG,230,4.0,Eco + Energy Saver,172.0,0.41,10.57,Yes,11.5
LG,230,4.0,Eco + Energy Saver,172.0,0.41,10.57,Yes,11.5
LG,230,4.0,Eco + Energy Saver,172.0,0.41,10.57,Yes,11.5
LG,230,4.0,Eco + Energy Saver,172.0,0.41,10.57,Yes,11.5
AKAI,164,2.5,Normal,129.91,0.52,7.4,No,12.0
Esatto,280,3.5,Eco,191.16,0.679,12.48,No,26.5
FISHER & PAYKEL,287,3.5,Eco,174.0,0.69,11.0,No,11.6
FISHER & PAYKEL,245,4.0,Eco,230.0,1.2,11.0,No,10.8
STIRLING,294,3.5,ECO,155.15,0.08,13.4,No,27.0
Astivita,256,3.0,Normal (previously marked eco),170.0,0.46,10.2,No,10.5
HOOVER,164,2.5,Normal,129.91,0.52,7.4,No,12.0
BOSCH,245,4.0,Eco Wash,192.0,0.21,10.76,Yes,11.0
BOSCH,245,4.0,Eco Wash,192.0,0.21,10.76,Yes,11.0
BOSCH,245,4.0,Eco Wash,192.0,0.21,10.76,Yes,11.0
ASKO,216,4.5,ECO,178.0,-,10.63,No,10.6
ASKO,216,4.5,ECO,178.0,-,10.63,No,10.6
ASKO,216,4.5,ECO,178.0,-,10.63,No,10.6
ASKO,216,4.5,ECO,178.0,-,10.63,No,10.6
ASKO,216,4.5,ECO,178.0,-,10.63,No,10.6
ASKO,216,4.5,ECO,178.0,-,10.63,No,10.6
ASKO,216,4.5,ECO,178.0,-,10.63,No,10.6
ASKO,216,4.5,ECO,178.0,-,10.63,No,10.6
ASKO,216,4.5,ECO,178.0,-,10.63,No,10.6
ASKO,216,4.5,ECO,178.0,-,10.63,No,10.6
ASKO,216,4.5,ECO,178.0,-,10.63,No,10.6
ASKO,216,4.5,ECO,178.0,-,10.63,No,10.6
ASKO,216,4.5,ECO,178.0,-,10.63,No,10.6
ASKO,222,4.0,ECO,168.0,-,10.14,No,10.1
ASKO,222,4.0,ECO,168.0,-,10.14,No,10.1
BOSCH,305,3.0,Eco Wash,135.0,0.127,13.42,No,13.5
Hafele,164,2.5,Eco,129.91,0.52,7.4,No,7.4
Devanti,158,2.5,Normal,130.0,0.52,7.4,No,7.4
Devanti,158,2.5,Normal,130.0,0.52,7.4,No,7.4
Artusi,245,4.0,Economic 50 degree,136.29,0.08,12.0,No,12.2
WHIRLPOOL,325,3.0,Eco 50 degree C,159.0,1.032,11.9,Yes,12.5
ASKO,222,4.0,ECO,168.0,-,10.14,No,10.1
ASKO,216,4.5,ECO,178.0,-,10.63,No,10.6
GAGGENAU,300,3.0,Eco,293.0,0.34,9.25,Yes,9.8
GAGGENAU,300,3.0,Eco,293.0,0.34,9.25,Yes,9.8
GAGGENAU,300,3.0,Eco,293.0,0.34,9.25,Yes,9.8
GAGGENAU,300,3.0,Eco,293.0,0.34,9.25,Yes,9.8
Ilve,245,4.0,Economic 50 degree,136.29,0.08,12.0,No,12.2
Smeg,240,4.0,Normal Eco,139.0,0.192,11.7,Yes,11.7
Smeg,240,4.0,Normal Eco,139.0,0.192,11.7,Yes,11.7
Artusi,245,4.0,Economic 50°C,136.29,0.08,12.0,No,12.2
BEKO,275,3.5,Eco 45ºC,133.0,0.34,13.78,No,13.8
BEKO,275,3.5,Eco 45ºC,133.0,0.34,13.78,No,13.8
BEKO,275,3.5,Eco 45ºC,133.0,0.34,13.78,No,13.8
majestic,294,3.5,Eco 50° C,156.93,0.08,13.4,No,27.0
Esatto,256,3.0,ECO,171.13,-,10.2,No,10.2
Midea,267,3.0,ECO,186.06,0.48,10.7,No,10.7
BLANCO,256,3.0,Normal,170.0,0.46,10.2,No,10.2
Emilia,256,3.0,ECO,175.0,0.46,10.2,No,10.2
Artusi,256,3.0,Eco,171.0,0.46,10.2,No,10.2
Artusi,256,3.0,Eco,171.0,0.46,10.2,No,10.2
Artusi,256,3.0,Eco,171.0,0.46,10.2,No,10.2
Esatto,164,2.5,Eco,129.91,0.52,7.4,No,7.4
Esatto,164,2.5,Eco,129.91,0.52,7.4,No,7.4
Esatto,164,2.5,Eco,129.91,0.52,7.4,No,7.4
Esatto,270,3.0,Eco,186.06,-,10.7,No,22.0
Esatto,270,3.0,Eco,186.06,-,10.7,No,22.0
Esatto,270,3.0,Eco,186.06,-,10.7,No,22.0
Artusi,299,3.0,Eco 50 degree,142.59,0.06,12.3,No,12.8
Artusi,299,3.0,Eco 50 degree,142.59,0.06,12.3,No,12.8
Artusi,299,3.0,Eco 50 degree,142.59,0.06,12.3,No,12.8
Technika,164,2.5,ECO,129.0,0.52,7.4,No,7.4
KLEENMAID,238,4.0,ECO,187.2,0.511201,11.78,No,11.8
KLEENMAID,238,4.0,ECO,187.2,0.511201,11.78,No,11.8
KLEENMAID,238,4.0,ECO,187.2,0.511201,11.78,No,11.8
Euromaid,324,3.0,ECO 45C,136.0,0.349,9.95,No,11.2
Euromaid,312,3.0,ECO 45C,151.0,0.1,11.2,No,11.2
Home Appliances,324,3.0,ECO 45C,136.0,0.349,9.95,No,11.2
De’Longhi,265,3.0,ECO,170.0,0.46,10.2,No,10.5
TECHNIKA,315,3.0,ECO,180.0,0.499,12.03,No,12.03
Glen Dimplex,320,3.0,ECO,180.0,0.50008,12.02,No,12.2
De’Longhi,295,3.5,Eco,174.0,0.57,11.3,No,12.2
Emilia,256,3.0,ECO,170.0,0.46,10.2,No,10.2
BEKO,324,3.0,Eco 45ºC,126.0,0.458,15.03,No,15.3
BEKO,324,3.0,Eco 45ºC,126.0,0.458,15.03,No,15.3
BEKO,324,3.0,Eco 45ºC,126.0,0.458,15.03,No,15.3
BEKO,263,4.0,Eco 45°C,196.0,0.382,12.65,No,13.0
BEKO,263,4.0,Eco 45°C,196.0,0.382,12.65,No,13.0
BEKO,263,4.0,Eco 45°C,196.0,0.382,12.65,No,13.0
BEKO,263,4.0,Eco 45°C,196.0,0.382,12.65,No,13.0
TECO,295,3.0,ECO,175.0,0.49,12.3,No,12.5
TECO,295,3.0,ECO,175.0,0.49,12.3,No,12.5
TECO,295,3.0,ECO,175.0,0.49,12.3,No,12.5
FOTILE,190,1.5,ECO,238.0,0.43,6.1,No,6.2
FOTILE,190,1.5,ECO,238.0,0.43,6.1,No,6.2
FISHER & PAYKEL,136,3.5,Eco,163.0,0.4639,6.837,No,6.9
FISHER & PAYKEL,136,3.5,Eco,163.0,0.4639,6.837,No,6.9
FISHER & PAYKEL,136,3.5,Eco,163.0,0.4639,6.837,No,6.9
FISHER & PAYKEL,136,3.5,Eco,163.0,0.4639,6.837,No,6.9
FISHER & PAYKEL,136,3.5,Normal Eco,163.0,0.4639,6.837,No,6.9
FISHER & PAYKEL,136,3.5,Normal Eco,163.0,0.4639,6.837,No,6.9
FISHER & PAYKEL,136,3.5,Normal Eco,163.0,0.4639,6.837,No,6.9
FISHER & PAYKEL,136,3.5,Normal Eco,163.0,0.4639,6.837,No,6.9
FISHER & PAYKEL,136,3.5,Normal Eco,163.0,0.4639,6.837,No,6.9
FISHER & PAYKEL,136,3.5,Normal Eco,163.0,0.4639,6.837,No,6.9
IKEA,206,4.5,Eco 45 degrees,186.0,0.17,11.66,Yes,12.2
IKEA,245,4.0,Eco 45 degrees,201.0,0.12,11.45,Yes,12.2
Robinhood,205,3.0,ECO,175.0,0.47,10.9,No,11.2
Euromaid,320,3.0,ECO,185.0,0.50008,12.02,No,12.2
BOSCH,206,4.5,Eco Wash,185.0,0.18,11.43,Yes,12.2
SIEMENS,206,4.5,Eco 45 degrees,185.0,0.18,11.43,Yes,12.2
SAMSUNG ELECTRONICS,275,3.5,Eco,186.0,0.54,12.4,No,12.7
SAMSUNG ELECTRONICS,275,3.5,Eco,186.0,0.54,12.4,No,12.7
SAMSUNG ELECTRONICS,275,3.5,Eco,186.0,0.54,12.4,No,12.7
SAMSUNG ELECTRONICS,255,3.5,Eco,170.0,0.54,11.5,No,11.8
SAMSUNG ELECTRONICS,255,3.5,Eco,170.0,0.54,11.5,No,11.8
SAMSUNG ELECTRONICS,255,3.5,Eco,170.0,0.54,11.5,No,11.8
WHIRLPOOL,230,4.0,Eco 50 degree C,212.0,0.397,10.967,Yes,11.5
WHIRLPOOL,230,4.0,Eco 50 degree C,212.0,0.397,10.967,Yes,11.5
WHIRLPOOL,230,4.0,Eco 50 degree C,212.0,0.397,10.967,Yes,11.5
WHIRLPOOL,230,4.0,Eco 50 degree C,212.0,0.397,10.967,Yes,11.5
Platinum,265,3.0,ECO,170.0,0.46,10.2,No,10.5
WHIRLPOOL,230,4.0,Eco 50 degree C,212.0,0.397,10.967,Yes,11.5
ASKO,272,3.5,ECO,154.0,-,11.24,No,11.3
ASKO,272,3.5,ECO,154.0,-,11.24,No,11.3
ASKO,272,3.5,ECO,154.0,-,11.24,No,11.3
Omega,276,3.5,ECO,189.0,0.679,12.48,No,12.5
WHIRLPOOL,246,4.0,ECO 50 degree C,211.0,0.393,10.94,Yes,11.1
WHIRLPOOL,246,4.0,ECO 50 degree C,211.0,0.393,10.94,Yes,11.1
WHIRLPOOL,246,4.0,ECO 50 degree C,211.0,0.393,10.94,Yes,11.1
ASKO,272,3.5,ECO,154.0,-,11.24,No,11.3
Robinhood,164,2.5,ECO,135.0,0.52,7.4,No,7.4
Inalto,275,3.0,ECO,186.06,-,10.7,No,10.7
Inalto,275,3.0,ECO,186.06,-,10.7,No,10.7
Inalto,275,3.0,ECO,186.06,-,10.7,No,10.7
Kogan,205,2.5,ECO,160.0,0.533,9.157,No,9.4
Kogan,205,2.5,ECO,160.0,0.533,9.157,No,9.4
Kogan,205,2.5,ECO,160.0,0.533,9.157,No,9.4
Kogan,205,2.5,ECO,160.0,0.533,9.157,No,9.4
Kogan,205,2.5,ECO,160.0,0.533,9.157,No,9.4
Inalto,275,3.0,ECO,186.06,-,10.7,No,10.7
Kogan,256,3.0,ECO,170.0,0.46,10.2,No,10.2
Kogan,256,3.0,ECO,170.0,0.46,10.2,No,10.2
Kogan,256,3.0,ECO,170.0,0.46,10.2,No,10.2
Kogan,256,3.0,ECO,170.0,0.46,10.2,No,10.2
Kogan,259,3.5,ECO,170.0,0.47,12.0,No,12.0
Kogan,259,3.5,ECO,170.0,0.47,12.0,No,12.0
Kogan,259,3.5,ECO,170.0,0.47,12.0,No,12.0
Kogan,259,3.5,ECO,170.0,0.47,12.0,No,12.0
Kogan,259,3.5,ECO,170.0,0.47,12.0,No,12.0
Kogan,256,3.0,ECO,170.0,0.46,10.2,No,10.2
Kogan,238,4.0,ECO,195.0,0.511201,11.78,No,11.8
Kogan,238,4.0,ECO,195.0,0.511201,11.78,No,11.8
Kogan,238,4.0,ECO,195.0,0.511201,11.78,No,11.8
Kogan,238,4.0,ECO,195.0,0.511201,11.78,No,11.8
Kogan,238,4.0,ECO,195.0,0.511201,11.78,No,11.8
FISHER & PAYKEL,136,3.5,Eco,203.0,0.376,6.794,No,6.9
FISHER & PAYKEL,136,3.5,Eco,203.0,0.376,6.794,No,6.9
FISHER & PAYKEL,136,3.5,Eco,203.0,0.376,6.794,No,6.9
FISHER & PAYKEL,136,3.5,Eco,203.0,0.376,6.794,No,6.9
FISHER & PAYKEL,136,3.5,Eco,203.0,0.376,6.794,No,6.9
FISHER & PAYKEL,136,3.5,Eco,203.0,0.376,6.794,No,6.9
FISHER & PAYKEL,136,3.5,Eco,203.0,0.376,6.794,No,6.9
FISHER & PAYKEL,136,3.5,Eco,203.0,0.376,6.794,No,6.9
WHIRLPOOL,230,4.0,Eco 50 degree C,211.0,0.4433,10.87,Yes,11.5
Midea,144,1.0,ECO,200.0,0.62,4.9,No,4.9
Midea,144,1.0,ECO,200.0,0.62,4.9,No,4.9
EUROMATIC,267,3.0,ECO,186.06,-,10.7,No,22.0
Midea,270,3.0,ECO,190.0,0.48,10.7,No,10.8
FISHER & PAYKEL,133,3.5,Eco,203.0,0.376,6.794,No,6.9
FISHER & PAYKEL,133,3.5,Eco,203.0,0.376,6.794,No,6.9
FISHER & PAYKEL,133,3.5,Eco,203.0,0.376,6.794,No,6.9
FISHER & PAYKEL,133,3.5,Eco,203.0,0.376,6.794,No,6.9
FISHER & PAYKEL,133,3.5,Eco,203.0,0.376,6.794,No,6.9
FISHER & PAYKEL,133,3.5,Eco,203.0,0.376,6.794,No,6.9
FISHER & PAYKEL,133,3.5,Eco,203.0,0.376,6.794,No,6.9
FISHER & PAYKEL,133,3.5,Eco,203.0,0.376,6.794,No,6.9
FISHER & PAYKEL,133,3.5,Eco,203.0,0.376,6.794,No,6.9
Ilve,294,3.5,ECO,155.15,0.08,13.4,No,13.5
Inalto,259,3.5,ECO,169.0,0.47,12.0,No,12.0
PARMCO,315,3.0,not provided,180.0,0.4999,12.03,No,12.03
PARMCO,315,3.0,not provided,180.0,0.4999,12.03,No,12.03
PARMCO,315,3.0,not provided,180.0,0.4999,12.03,No,12.03
PARMCO,276,3.5,Eco,191.16,0.679,12.48,No,12.48
PARMCO,276,3.5,Eco,191.16,0.679,12.48,No,12.48
PARMCO,276,3.5,Eco,191.16,0.679,12.48,No,12.48
PARMCO,259,3.5,ECO,168.5,0.47,24.0,No,12.0
PARMCO,189,3.5,ECO,209.4,0.478834,11.0,No,11.0
PARMCO,189,3.5,ECO,209.4,0.478834,11.0,No,11.0
PARMCO,189,3.5,ECO,209.4,0.478834,11.0,No,11.0
PARMCO,204,3.0,Normal,110.0,0.035,9.2,No,9.4
PARMCO,204,3.0,Normal,110.0,0.035,9.2,No,9.4
ASKO,275,3.5,ECO wash,155.0,0.5,12.7,No,12.7
ASKO,275,3.5,ECO wash,155.0,0.5,12.7,No,12.7
ASKO,275,3.5,ECO wash,155.0,0.5,12.7,No,12.7
ASKO,295,3.5,ECO wash,169.0,0.5,12.2,No,12.2
ASKO,295,3.5,ECO wash,169.0,0.5,12.2,No,12.2
ASKO,295,3.5,ECO wash,169.0,0.5,12.2,No,12.2
ASKO,295,3.5,ECO wash,169.0,0.5,12.2,No,12.2
ASKO,295,3.5,ECO wash,169.0,0.5,12.2,No,12.2
ASKO,295,3.5,ECO wash,169.0,0.5,12.2,No,12.2
ASKO,295,3.5,ECO wash,169.0,0.5,12.2,No,12.2
KLEENMAID,246,4.0,ECO,195.0,0.43,12.0,No,12.0
KLEENMAID,246,4.0,ECO,195.0,0.43,12.0,No,12.0
KLEENMAID,246,4.0,ECO,195.0,0.43,12.0,No,12.0
KLEENMAID,246,4.0,ECO,195.0,0.43,12.0,No,12.0
Devanti,158,2.5,Normal,130.0,0.52,7.4,No,7.4
Robinhood,294,3.5,ECO,155.0,0.08,13.4,No,13.5
Bertazzoni,245,4.0,Eco 50oC,138.0,0.08,12.0,No,12.2
V-ZUG,210,4.0,Economy,143.0,-,11.4,Yes,11.4
V-ZUG,210,4.0,Economy,143.0,-,11.4,Yes,11.4
V-ZUG,210,4.0,Economy,143.0,-,11.4,Yes,11.4
V-ZUG,210,4.0,Economy,143.0,-,11.4,Yes,11.4
V-ZUG,210,4.0,Economy,143.0,-,11.4,Yes,11.4
V-ZUG,210,4.0,Economy,143.0,-,11.4,Yes,11.4
Haier,285,3.0,Eco,174.0,0.73,11.71,No,11.7
Haier,285,3.0,Eco,174.0,0.73,11.71,No,11.7
Haier,285,3.0,Eco,174.0,0.73,11.71,No,11.7
Haier,285,3.0,Eco,174.0,0.73,11.71,No,11.7
Haier,285,3.0,Eco,174.0,0.73,11.71,No,11.7
Ilve,158,2.5,Normal,129.91,0.52,7.4,No,7.4
Ilve,158,2.5,Normal,129.91,0.52,7.4,No,7.4
Ilve,158,2.5,Normal,129.91,0.52,7.4,No,7.4
Ilve,230,4.0,ECO,195.0,1.03,11.98,No,12.2
Ilve,230,4.0,ECO,195.0,1.03,11.98,No,12.2
Ilve,230,4.0,ECO,195.0,1.03,11.98,No,12.2
Ilve,230,4.0,ECO,195.0,1.03,11.98,No,12.2
AWARD,245,4.0,ECO 50c,136.87,0.08,12.0,No,27.0
BOSCH,235,4.0,Eco 45,167.0,0.074,11.85,Yes,12.0
BOSCH,206,4.5,Eco Wash,185.0,0.18,11.43,Yes,12.2
V-ZUG,181,4.5,Economy,152.0,-,9.5,Yes,9.5
V-ZUG,181,4.5,Economy,152.0,-,9.5,Yes,9.5
V-ZUG,181,4.5,Economy,152.0,-,9.5,Yes,9.5
V-ZUG,181,4.5,Economy,152.0,-,9.5,Yes,9.5
Artusi,299,3.0,Eco 50 degree,142.59,0.06,12.3,No,12.3
Artusi,299,3.0,Eco 50 degree,142.59,0.06,12.3,No,12.3
Artusi,299,3.0,Eco 50 degree,142.59,0.06,12.3,No,12.3
Artusi,299,3.0,Eco 50 degree,142.59,0.06,12.3,No,12.3
Artusi,299,3.0,Eco 50 degree,142.59,0.06,12.3,No,12.3
Ilve,245,4.0,Economic 50℃,136.29,0.08,12.0,No,12.2
Ilve,245,4.0,Economic 50℃,136.29,0.08,12.0,No,12.2
Ilve,245,4.0,Economic 50℃,136.29,0.08,12.0,No,12.2
Ilve,245,4.0,Economic 50℃,136.29,0.08,12.0,No,12.2
FISHER & PAYKEL,136,3.5,Eco,203.0,0.376,6.794,No,6.9
FISHER & PAYKEL,136,3.5,Eco,203.0,0.376,6.794,No,6.9
FISHER & PAYKEL,136,3.5,Eco,203.0,0.376,6.794,No,6.9
FISHER & PAYKEL,136,3.5,Eco,203.0,0.376,6.794,No,6.9
FISHER & PAYKEL,136,3.5,Eco,203.0,0.376,6.794,No,6.9
FISHER & PAYKEL,136,3.5,Eco,203.0,0.376,6.794,No,6.9
Devanti,189,3.5,ECO,209.4,0.478834,11.0,No,11.0
EURO,267,3.0,Eco,185.0,0.48,10.7,No,10.7
EURO,267,3.0,Eco,185.0,0.48,10.7,No,10.7
EURO,267,3.0,Eco,185.0,0.48,10.7,No,10.7
MIELE,189,4.5,Eco,228.0,0.21,9.24,Yes,9.2
MIELE,189,4.5,Eco,228.0,0.21,9.24,Yes,9.2
MIELE,189,4.5,Eco,228.0,0.21,9.24,Yes,9.2
MIELE,189,4.5,Eco,228.0,0.21,9.24,Yes,9.2
MIELE,189,4.5,Eco,228.0,0.21,9.24,Yes,9.2
MIELE,189,4.5,Eco,228.0,0.21,9.24,Yes,9.2
MIELE,197,4.5,Eco,225.0,0.23,9.56,Yes,9.6
MIELE,197,4.5,Eco,225.0,0.23,9.56,Yes,9.6
MIELE,197,4.5,Eco,225.0,0.23,9.56,Yes,9.6
MIELE,197,4.5,Eco,225.0,0.23,9.56,Yes,9.6
MIELE,197,4.5,Eco,225.0,0.23,9.56,Yes,9.6
MIELE,197,4.5,Eco,225.0,0.23,9.56,Yes,9.6
MIELE,197,4.5,Eco,225.0,0.23,9.56,Yes,9.6
MIELE,197,4.5,Eco,225.0,0.23,9.56,Yes,9.6
MIELE,197,4.5,Eco,225.0,0.23,9.56,Yes,9.6
MIELE,197,4.5,Eco,225.0,0.23,9.56,Yes,9.6
Robinhood,256,3.0,Normal,171.13,0.46,10.2,No,10.2
Robinhood,256,3.0,Normal,171.13,0.46,10.2,No,10.2
Robinhood,256,3.0,Normal,171.13,0.46,10.2,No,10.2
Robinhood,256,3.0,Normal,171.13,0.46,10.2,No,10.2
Robinhood,256,3.0,Normal,171.13,0.46,10.2,No,10.2
Devanti,139,1.0,ECO,176.0,0.579,4.95,No,4.95
Everdure,319,3.0,ECO,180.0,0.4,12.5,Yes,12.7
Everdure,319,3.0,ECO,180.0,0.4,12.5,Yes,12.7
Everdure,319,3.0,ECO,180.0,0.4,12.5,Yes,12.7
Devanti,205,2.5,ECO,160.0,0.533,9.157,No,9.4
Devanti,205,2.5,ECO,160.0,0.533,9.157,No,9.4
Franke,295,3.0,ECO,175.0,0.49,12.3,No,12.5
Franke,295,3.0,ECO,175.0,0.49,12.3,No,12.5
Franke,295,3.0,ECO,175.0,0.49,12.3,No,12.5
De’Longhi,246,4.0,Eco,250.0,0.53,11.4,No,12.2
Domain,287,3.0,ECO,175.0,0.49,12.3,No,12.3
Domain,256,3.0,ECO,170.0,0.46,10.2,No,10.2
Domain,238,4.0,ECO,187.2,0.5112,11.8,No,11.8
Domain,205,2.5,ECO,160.0,0.533,9.2,No,9.4
Domain,164,2.5,Normal,135.0,0.52,7.4,No,7.4
Domain,164,2.5,Normal,135.0,0.52,7.4,No,7.4
Domain,164,2.5,Normal,135.0,0.52,7.4,No,7.4
Domain,210,3.0,ECO,175.0,0.47,10.9,No,11.2
Domain,230,4.0,ECO,195.0,1.03,12.0,No,12.2
IKEA,236,3.5,Eco 50°C,205.0,0.33,10.06,Yes,10.4
IKEA,276,3.0,ECO 50°C,195.0,0.34,10.04,Yes,11.5
Di Lusso,256,3.0,Normal,171.0,0.46,10.2,No,10.2
Di Lusso,256,3.0,Normal,171.0,0.46,10.2,No,10.2
Di Lusso,256,3.0,Normal,171.0,0.46,10.2,No,10.2
Di Lusso,259,3.5,Normal,170.0,0.47,12.0,No,12.3
Di Lusso,256,3.0,Normal,185.0,0.46,10.2,No,10.2
Di Lusso,205,3.0,ECO,175.0,0.47,10.9,No,10.9
Di Lusso,205,3.0,ECO,175.0,0.47,10.9,No,10.9
Di Lusso,205,3.0,ECO,175.0,0.47,10.9,No,10.9
Di Lusso,245,3.5,Normal,161.0,0.35,11.8,No,12.7
EURO,295,3.0,ECO,175.0,0.49,12.3,No,12.5
EURO,295,3.0,ECO,175.0,0.49,12.3,No,12.5
EURO,295,3.0,ECO,175.0,0.49,12.3,No,12.5
EURO,295,3.0,ECO,175.0,0.49,12.3,No,12.5
EURO,295,3.0,ECO,175.0,0.49,12.3,No,12.5
Omega,259,3.5,ECO,168.05,-,12.0,No,12.0
Omega,259,3.5,ECO,168.05,-,12.0,No,12.0
Omega,259,3.5,ECO,168.05,-,12.0,No,12.0
Omega,276,3.5,ECO,191.16,-,12.48,No,12.48
Omega,276,3.5,ECO,191.16,-,12.48,No,12.48
Omega,276,3.5,ECO,191.16,-,12.48,No,12.48
Omega,276,3.5,ECO,191.16,-,12.48,No,12.48
Midea,164,2.5,ECO,130.0,0.52,7.4,No,7.4
Midea,164,2.5,ECO,130.0,0.52,7.4,No,7.4
Midea,164,2.5,ECO,130.0,0.52,7.4,No,7.4
Midea,164,2.5,ECO,130.0,0.52,7.4,No,7.4
Platinum,210,3.0,ECO,182.0,0.47,10.9,No,10.9
V-ZUG,111,6.0,Economy,162.0,-,11.2,Yes,11.2
V-ZUG,111,6.0,Economy,162.0,-,11.2,Yes,11.2
V-ZUG,111,6.0,Economy,162.0,-,11.2,Yes,11.2
V-ZUG,111,6.0,Economy,162.0,-,11.2,Yes,11.2
V-ZUG,185,4.5,Economy,168.0,-,10.0,Yes,9.6
V-ZUG,185,4.5,Economy,168.0,-,10.0,Yes,9.6
V-ZUG,185,4.5,Economy,168.0,-,10.0,Yes,9.6
V-ZUG,185,4.5,Economy,168.0,-,10.0,Yes,9.6
V-ZUG,185,4.5,Economy,168.0,-,10.0,Yes,9.6
Artusi,294,3.5,ECO,156.93,0.08,13.4,No,13.5
Artusi,294,3.5,ECO,156.93,0.08,13.4,No,13.5
Artusi,294,3.5,ECO,156.93,0.08,13.4,No,13.5
Artusi,294,3.5,ECO,156.93,0.08,13.4,No,13.5
Omega,189,3.5,ECO,209.4,-,11.0,No,11.0
LG,230,4.0,Eco + Energy Saver,174.0,0.49,10.17,Yes,11.5
LG,230,4.0,Eco + Energy Saver,174.0,0.49,10.17,Yes,11.5
LG,230,4.0,Eco + Energy Saver,174.0,0.49,10.17,Yes,11.5
LG,230,4.0,Eco + Energy Saver,174.0,0.49,10.17,Yes,11.5
LG,230,4.0,Eco + Energy Saver,174.0,0.49,10.17,Yes,11.5
BEKO,275,3.5,Eco 45ºC,133.0,0.34,13.78,No,13.8
BEKO,275,3.5,Eco 45ºC,133.0,0.34,13.78,No,13.8
BEKO,275,3.5,Eco 45ºC,133.0,0.34,13.78,No,13.8
BEKO,275,3.5,Eco 45ºC,133.0,0.34,13.78,No,13.8
Teka,299,3.0,eco 50℃,143.0,0.06,12.3,No,12.8
Omega,246,4.0,ECO,203.92,0.43,12.0,No,12.0
Omega,246,4.0,ECO,203.92,0.43,12.0,No,12.0
Omega,189,3.5,ECO,180.0,0.478834,11.0,No,11.0
FISHER & PAYKEL,295,3.5,Eco,206.0,0.52,11.5,No,12.2
FISHER & PAYKEL,295,3.5,Eco,206.0,0.52,11.5,No,12.2
FISHER & PAYKEL,295,3.5,Eco,206.0,0.52,11.5,No,12.2
FISHER & PAYKEL,295,3.5,Eco,206.0,0.52,11.5,No,12.2
FISHER & PAYKEL,206,4.5,Eco,303.0,0.8,10.8,No,11.1
FISHER & PAYKEL,206,4.5,Eco,303.0,0.8,10.8,No,11.1
FISHER & PAYKEL,206,4.5,Eco,303.0,0.8,10.8,No,11.1
FISHER & PAYKEL,206,4.5,Eco,303.0,0.8,10.8,No,11.1
FISHER & PAYKEL,206,4.5,Eco,303.0,0.8,10.8,No,11.1
FISHER & PAYKEL,206,4.5,Eco,303.0,0.8,10.8,No,11.1
FISHER & PAYKEL,206,4.5,Eco,303.0,0.8,10.8,No,11.1
FISHER & PAYKEL,206,4.5,Eco,303.0,0.8,10.8,No,11.1
FISHER & PAYKEL,206,4.5,Eco,303.0,0.8,10.8,No,11.1
FISHER & PAYKEL,246,4.0,Eco,235.0,0.64,11.5,No,12.2
FISHER & PAYKEL,246,4.0,Eco,235.0,0.64,11.5,No,12.2
FISHER & PAYKEL,246,4.0,Eco,235.0,0.64,11.5,No,12.2
FISHER & PAYKEL,246,4.0,Eco,235.0,0.64,11.5,No,12.2
FISHER & PAYKEL,246,4.0,Eco,235.0,0.64,11.5,No,12.2
FISHER & PAYKEL,246,4.0,Eco,235.0,0.64,11.5,No,12.2
FISHER & PAYKEL,246,4.0,Eco,235.0,0.64,11.5,No,12.2
FISHER & PAYKEL,246,4.0,Eco,235.0,0.64,11.5,No,12.2
KLEENMAID,256,3.0,Eco,170.0,0.46,10.2,No,10.2
Omega,246,4.0,ECO,203.92,0.43,12.0,No,12.0
Smeg,230,4.0,Normal Eco + Dry Assist,258.0,0.43,11.27,Yes,11.3
Smeg,230,4.0,Normal Eco + Dry Assist,258.0,0.43,11.27,Yes,11.3
Smeg,230,4.0,Normal Eco + Dry Assist,258.0,0.43,11.27,Yes,11.3
Smeg,230,4.0,Normal Eco + Dry Assist,258.0,0.43,11.27,Yes,11.3
Smeg,230,4.0,Normal Eco + Dry Assist,258.0,0.43,11.27,Yes,11.3
Smeg,230,4.0,Normal Eco + Dry Assist,258.0,0.43,11.27,Yes,11.3
Smeg,267,3.5,Normal Eco,147.0,0.381,11.3,No,11.3
Smeg,267,3.5,Normal Eco,147.0,0.381,11.3,No,11.3
Smeg,267,3.5,Normal Eco,147.0,0.381,11.3,No,11.3
Smeg,267,3.5,Normal Eco,147.0,0.381,11.3,No,11.3
Smeg,267,3.5,Normal Eco,147.0,0.381,11.3,No,11.3
Smeg,267,3.5,Normal Eco,147.0,0.381,11.3,No,11.3
Smeg,267,3.5,Normal Eco,147.0,0.381,11.3,No,11.3
Smeg,243,3.5,Normal Eco,142.0,0.387,9.9,No,9.9
Smeg,243,3.5,Normal Eco,142.0,0.387,9.9,No,9.9
Smeg,243,3.5,Normal Eco,142.0,0.387,9.9,No,9.9
Smeg,243,3.5,Normal Eco,142.0,0.387,9.9,No,9.9
Smeg,243,3.5,Normal Eco,142.0,0.387,9.9,No,9.9
Smeg,243,3.5,Normal Eco,142.0,0.387,9.9,No,9.9
Smeg,243,4.0,Normal Eco,142.0,0.377,9.9,Yes,9.9
Smeg,243,4.0,Normal Eco,142.0,0.377,9.9,Yes,9.9
Smeg,243,4.0,Normal Eco,142.0,0.377,9.9,Yes,9.9
Smeg,267,3.5,Normal Eco,147.0,0.381,11.3,No,11.3
Smeg,267,3.5,Normal Eco,147.0,0.381,11.3,No,11.3
Smeg,267,3.5,Normal Eco,147.0,0.381,11.3,No,11.3
Smeg,267,3.5,Normal Eco,147.0,0.381,11.3,No,11.3
Robinhood,267,3.0,ECO,185.0,0.48,10.7,No,10.7
Robinhood,267,3.0,ECO,185.0,0.48,10.7,No,10.7
Haier,295,3.5,Eco,206.0,0.51,11.5,No,12.2
Haier,295,3.5,Eco,206.0,0.51,11.5,No,12.2
Haier,295,3.5,Eco,206.0,0.51,11.5,No,12.2
Westinghouse,274,3.5,Eco,194.0,0.43,11.2,No,11.2
Westinghouse,274,3.5,Eco,194.0,0.43,11.2,No,11.2
Westinghouse,274,3.5,Eco,194.0,0.43,11.2,No,11.2
Westinghouse,274,3.5,Eco,194.0,0.45,11.2,No,11.2
Westinghouse,274,3.5,Eco,194.0,0.45,11.2,No,11.2
Westinghouse,274,3.5,Eco,194.0,0.45,11.2,No,11.2
Westinghouse,245,4.0,Eco,207.0,0.4,11.51,No,12.2
Westinghouse,245,4.0,Eco,207.0,0.4,11.51,No,12.2
Westinghouse,245,4.0,Eco,207.0,0.4,11.51,No,12.2
Westinghouse,245,4.0,Eco,207.0,0.43,11.5,No,12.2
Westinghouse,245,4.0,Eco,207.0,0.43,11.5,No,12.2
Westinghouse,245,4.0,Eco,207.0,0.43,11.5,No,12.2
ELECTROLUX,255,3.5,Eco,219.0,0.43,10.53,No,10.7
ELECTROLUX,255,3.5,Eco,219.0,0.43,10.53,No,10.7
ELECTROLUX,255,3.5,Eco,219.0,0.43,10.53,No,10.7
ELECTROLUX,255,3.5,Eco,219.0,0.43,10.53,No,10.7
BOSCH,245,4.0,Eco Wash + Efficient dry,223.0,0.17,11.2,Yes,12.2
Robinhood,267,3.0,ECO,185.0,0.48,10.7,No,10.7
Westinghouse,245,4.0,Eco,207.0,0.45,11.55,No,12.2
Westinghouse,245,4.0,Eco,207.0,0.45,11.55,No,12.2
Westinghouse,245,4.0,Eco,207.0,0.45,11.55,No,12.2
Electrolux,286,3.5,P1 (Eco),148.0,0.101,13.4,No,13.4
Fulgor,294,3.5,ECO,155.15,0.08,13.4,No,13.5
Fulgor,294,3.5,ECO,155.15,0.08,13.4,No,13.5
Fulgor,294,3.5,ECO,155.15,0.08,13.4,No,13.5
Omega,256,3.0,Normal,171.0,0.46,10.2,No,10.2
Omega,256,3.0,Normal,171.0,0.46,10.2,No,10.2
Omega,256,3.0,Normal,171.0,0.46,10.2,No,10.2
Omega,256,3.0,Normal,171.0,0.46,10.2,No,10.2
Ilve,299,3.0,ECO 50◦,142.59,0.06,12.3,No,12.8
Ilve,299,3.0,ECO 50◦,142.59,0.06,12.3,No,12.8
Ilve,299,3.0,ECO 50◦,142.59,0.06,12.3,No,12.8
BEKO,275,3.5,Eco 45ºC,133.0,0.34,13.78,No,13.8
BEKO,275,3.5,Eco 45ºC,133.0,0.34,13.78,No,13.8
BEKO,275,3.5,Eco 45ºC,133.0,0.34,13.78,No,13.8
BEKO,275,3.5,Eco 45ºC,133.0,0.34,13.78,No,13.8
Westinghouse,295,3.0,Eco 50 DegC,194.0,0.45,11.23,No,11.8
Westinghouse,295,3.0,Eco 50 DegC,194.0,0.45,11.23,No,11.8
Westinghouse,295,3.0,Eco 50 DegC,194.0,0.45,11.23,No,11.8
Bellissimo,320,3.0,ECO,185.0,0.50008,12.02,No,12.2
Astivita,287,3.0,ECO,174.2,0.49,12.3,No,12.3
Haier,206,4.5,Eco,303.0,0.5,10.8,No,11.1
Haier,206,4.5,Eco,303.0,0.5,10.8,No,11.1
Haier,206,4.5,Eco,303.0,0.5,10.8,No,11.1
Haier,206,4.5,Eco,303.0,0.5,10.8,No,11.1
Haier,206,4.5,Eco,303.0,0.5,10.8,No,11.1
Artusi,265,3.0,ECO,172.0,0.46,10.2,No,10.5
Artusi,230,4.0,ECO,195.0,1.03,11.98,No,12.0
Bellini,267,3.0,ECO,186.06,0.48,10.7,No,10.7
Bellini,267,3.0,ECO,186.06,0.48,10.7,No,10.7
Bellini,267,3.0,ECO,186.06,0.48,10.7,No,10.7
Bellini,267,3.0,ECO,186.06,0.48,10.7,No,10.7
Bellini,267,3.0,ECO,186.06,0.48,10.7,No,10.7
Bellini,267,3.0,ECO,186.06,0.48,10.7,No,10.7
Bellini,267,3.0,ECO,186.06,0.48,10.7,No,10.7
Belling,259,3.5,ECO,200.0,0.47,12.0,No,12.0
TECHNIKA,269,3.5,ECO,184.0,0.47,12.6,No,12.6
Bellini,267,3.0,ECO,186.06,0.48,10.7,No,10.7
IKEA,193,3.5,ECO,190.0,0.47,10.7,Yes,11.0
STIRLING,274,3.0,Normal,112.0,0.031,11.3,No,11.8
ONIX,274,3.0,Normal,112.0,0.031,11.3,No,11.8
Bellini,205,3.0,ECO,181.89,0.47,10.9,No,17.0
Bellini,205,3.0,ECO,181.89,0.47,10.9,No,17.0
Bellini,205,3.0,ECO,181.89,0.47,10.9,No,17.0
Belling,246,4.0,ECO,195.0,0.43,12.0,No,12.0
Artusi,205,2.5,ECO,160.0,0.533,9.157,No,9.2
Artusi,205,2.5,ECO,160.0,0.533,9.157,No,9.2
Artusi,205,2.5,ECO,160.0,0.533,9.157,No,9.2
Artusi,205,2.5,ECO,160.0,0.533,9.157,No,9.2
V-ZUG,182,4.5,ECO,205.0,-,12.8,Yes,27.0
V-ZUG,200,4.0,ECO,176.58,-,15.3,Yes,15.3
IKEA,235,3.0,ECO 50 degree C,175.0,0.33,8.7,Yes,9.4
LG,246,4.0,Eco + Energy Saver,174.0,0.46,10.1,Yes,11.1
LG,246,4.0,Eco + Energy Saver,174.0,0.46,10.1,Yes,11.1
LG,246,4.0,Eco + Energy Saver,174.0,0.46,10.1,Yes,11.1
LG,246,4.0,Eco + Energy Saver,174.0,0.46,10.1,Yes,11.1
LG,246,4.0,Eco + Energy Saver,174.0,0.46,10.1,Yes,11.1
LG,246,4.0,Eco + Energy Saver,174.0,0.46,10.1,Yes,11.1
LG,246,4.0,Eco + Energy Saver,174.0,0.46,10.1,Yes,11.1
LG,246,4.0,Eco + Energy Saver,174.0,0.46,10.1,Yes,11.1
LG,246,4.0,Eco + Energy Saver,174.0,0.46,10.1,Yes,11.1
LG,246,4.0,Eco + Energy Saver,174.0,0.46,10.1,Yes,11.1
V-ZUG,171,4.5,ECO,172.5,-,11.5,Yes,11.5
Devanti,315,3.0,ECO,180.0,0.4999,12.03,No,12.03
POLO,267,3.0,ECO,186.06,0.48,10.7,No,22.0
V-ZUG,113,5.5,ECO,195.8,-,11.9,Yes,11.9
V-ZUG,206,4.0,ECO,175.42,-,11.5,Yes,11.5
Belling,246,4.0,ECO,195.0,0.43,12.0,No,12.0
Euromaid,259,3.5,ECO,170.0,0.47,12.0,No,12.0
KLEENMAID,265,3.0,ECO,170.0,0.46,10.2,No,10.5
Omega,246,4.0,ECO,203.92,0.43,12.0,No,12.0
Omega,246,4.0,ECO,203.92,0.43,12.0,No,12.0
Omega,246,4.0,ECO,203.92,0.43,12.0,No,12.0
Omega,267,3.0,ECO,186.054,-,10.7,No,10.7
V-ZUG,168,4.5,ECO,176.97,-,8.8,Yes,8.8
Bellissimo,253,3.0,Normal,112.0,0.022,11.5,No,11.5
BOSCH,268,3.0,Eco 45 degrees,135.0,0.127,13.47,No,13.5
BOSCH,268,3.0,Eco 45 degrees,135.0,0.127,13.47,No,13.5
BOSCH,268,3.0,Eco 45 degrees,135.0,0.127,13.47,No,13.5
BOSCH,235,4.0,Eco 45,167.0,0.074,11.85,Yes,12.0
BOSCH,235,4.0,Eco 45,167.0,0.074,11.85,Yes,12.0
BOSCH,235,4.0,Eco 45,167.0,0.074,11.85,Yes,12.0
Blaupunkt,256,3.0,ECO,171.13,0.46,10.2,No,22.0
Blaupunkt,256,3.0,ECO,171.13,0.46,10.2,No,22.0
Blaupunkt,256,3.0,ECO,171.13,0.46,10.2,No,22.0
Blaupunkt,256,3.0,ECO,171.13,0.46,10.2,No,22.0
Blaupunkt,256,3.0,Normal,171.13,0.46,10.2,No,22.0
Blaupunkt,259,3.5,ECO,168.5,0.47,12.0,No,25.0
Smeg,230,4.0,ECO + Dry assist,281.0,0.64,10.15,No,10.4
Smeg,230,4.0,ECO + Dry assist,281.0,0.64,10.15,No,10.4
Smeg,230,4.0,ECO + Dry assist,281.0,0.64,10.15,No,10.4
Smeg,230,4.0,ECO + Dry assist,281.0,0.64,10.15,No,10.4
Smeg,230,4.0,ECO + Dry assist,281.0,0.64,10.15,No,10.4
Smeg,230,4.0,ECO + Dry assist,281.0,0.64,10.15,No,10.4
Smeg,230,4.0,ECO + Dry assist,281.0,0.64,10.15,No,10.4
Smeg,230,4.0,ECO + Dry assist,281.0,0.64,10.15,No,10.4
Smeg,230,4.0,ECO + Dry assist,281.0,0.64,10.15,No,10.4
Smeg,230,4.0,ECO + Dry assist,281.0,0.64,10.15,No,10.4
Smeg,230,4.0,ECO + Dry assist,281.0,0.64,10.15,No,10.4
COMFEE,282,3.0,ECO,186.06,0.48,10.7,No,10.7
COMFEE,282,3.0,ECO,186.06,0.48,10.7,No,10.7
COMFEE,282,3.0,ECO,186.06,0.48,10.7,No,10.7
Artusi,267,3.0,ECO,186.0,0.48,10.7,No,10.8
Artusi,267,3.0,ECO,186.0,0.48,10.7,No,10.8
Artusi,267,3.0,ECO,186.0,0.48,10.7,No,10.8
Artusi,267,3.0,ECO,186.0,0.48,10.7,No,10.8
Westinghouse,294,3.5,Eco 50degC,158.0,1.3,12.84,No,13.5
Westinghouse,294,3.5,Eco 50degC,158.0,1.3,12.84,No,13.5
Westinghouse,294,3.5,Eco 50degC,158.0,1.3,12.84,No,13.5
Westinghouse,294,3.5,Eco 50degC,155.0,0.08,13.4,No,13.5
Westinghouse,294,3.5,Eco 50degC,155.0,0.08,13.4,No,13.5
Westinghouse,294,3.5,Eco 50degC,155.0,0.08,13.4,No,13.5
Esatto,270,3.0,Eco,186.06,-,10.7,No,22.0
Esatto,270,3.0,Eco,186.06,-,10.7,No,22.0
Esatto,270,3.0,Eco,186.06,-,10.7,No,22.0
Esatto,270,3.0,Eco,186.06,-,10.7,No,22.0
Esatto,270,3.0,Eco,186.06,-,10.7,No,22.0
De’Longhi,238,4.0,Eco,195.0,0.7,11.69,No,11.8
BEKO,263,4.0,Eco 45°C,196.0,0.382,12.65,No,13.0
De’Longhi,238,4.0,Eco,195.0,0.7,11.69,No,11.8
De’Longhi,238,4.0,Eco,195.0,0.7,11.69,No,11.8
Westinghouse,295,3.0,Eco 50 DegC,194.0,0.45,11.23,No,11.8
Westinghouse,295,3.0,Eco 50 DegC,194.0,0.45,11.23,No,11.8
Westinghouse,295,3.0,Eco 50 DegC,194.0,0.45,11.23,No,11.8
Glen Dimplex,324,3.0,Eco 45°,125.0,0.458,15.03,No,15.3
EURO,189,3.5,ECO,209.0,0.478834,11.0,No,11.0
EURO,189,3.5,ECO,209.0,0.478834,11.0,No,11.0
EURO,189,3.5,ECO,209.0,0.478834,11.0,No,11.0
Duos,267,3.0,ECO,186.06,0.48,10.7,No,10.7
FUJIYAMA,274,3.0,Normal,112.0,0.031,11.3,No,11.8
AEG,246,4.0,ECO,179.0,0.23,11.86,No,12.2
AEG,246,4.0,ECO,179.0,0.23,11.86,No,12.2
AEG,246,4.0,ECO,179.0,0.23,11.86,No,12.2
AEG,246,4.0,ECO,179.0,0.23,11.86,No,12.2
AEG,273,3.5,Eco,179.0,0.21,11.18,No,11.2
AEG,273,3.5,Eco,179.0,0.21,11.18,No,11.2
Baumatic,324,3.0,Eco 45°,125.0,0.458,15.03,No,15.3
Venini,324,3.0,Eco 45°,125.0,0.458,15.03,No,15.3
Euromaid,324,3.0,Eco 45°,125.0,0.458,15.03,No,15.3
Euromaid,324,3.0,Eco 45°,125.0,0.458,15.03,No,15.3
Euromaid,324,3.0,Eco 45°,125.0,0.458,15.03,No,15.3
Euromaid,324,3.0,Eco 45°,125.0,0.458,15.03,No,15.3
SEIKI,292,3.0,ECO 50℃,295.0,0.47,8.8,No,8.8
Robinhood,293,3.0,ECO,185.0,0.46286,10.981,No,11.8
Robinhood,293,3.0,ECO,185.0,0.46286,10.981,No,11.8
Robinhood,293,3.0,ECO,185.0,0.46286,10.981,No,11.8
Fulgor,230,4.0,ECO,195.0,1.03,11.98,No,12.0
De’Longhi,267,3.0,ECO,186.0,0.48,10.7,No,10.7
De’Longhi,267,3.0,ECO,186.0,0.48,10.7,No,10.7
De’Longhi,267,3.0,ECO,186.0,0.48,10.7,No,10.7
Artusi,256,3.0,Normal,171.0,0.46,10.2,No,10.2
ROBAM,246,4.0,ECO,195.0,0.43,12.0,No,12.0
Omega,293,3.0,ECO,180.0,-,10.981,No,10.981
Omega,293,3.0,ECO,180.0,-,10.981,No,10.981
Omega,293,3.0,ECO,180.0,-,10.981,No,10.981
Omega,293,3.0,ECO,180.0,-,10.981,No,10.981
ROBAM,246,4.0,ECO,195.0,0.43,12.0,No,12.0
ROBAM,246,4.0,ECO,195.0,0.43,12.0,No,12.0
WHIRLPOOL,230,4.0,ECO 50°,220.0,0.0,11.1,Yes,11.5
Glen Dimplex,263,4.0,Eco 45°,196.0,0.382,12.65,No,14.3
Milano,275,3.0,Eco,186.06,-,10.7,No,22.0
Milano,275,3.0,Eco,186.06,-,10.7,No,22.0
Milano,275,3.0,Eco,186.06,-,10.7,No,22.0
Milano,275,3.0,Eco,186.06,-,10.7,No,22.0
Milano,275,3.0,Eco,186.06,-,10.7,No,22.0
Milano,275,3.0,Eco,186.06,-,10.7,No,22.0
LG,246,4.0,Eco + Energy Saver,175.0,0.43,10.5,Yes,12.2
FISHER & PAYKEL,272,3.5,Normal Eco,175.0,0.53,11.44,No,11.5
FISHER & PAYKEL,272,3.5,Normal Eco,175.0,0.53,11.44,No,11.5
FISHER & PAYKEL,272,3.5,Normal Eco,175.0,0.53,11.44,No,11.5
Haier,246,4.0,Eco,235.0,1.11,11.67,No,12.2
Haier,246,4.0,Eco,235.0,1.11,11.67,No,12.2
Haier,246,4.0,Eco,235.0,1.11,11.67,No,12.2
Haier,246,4.0,Eco,235.0,1.11,11.67,No,12.2
SAMSUNG ELECTRONICS,244,4.0,Eco,229.0,0.49,10.7,Yes,10.7
SAMSUNG ELECTRONICS,244,4.0,Eco,229.0,0.49,10.7,Yes,10.7
SAMSUNG ELECTRONICS,244,4.0,Eco,229.0,0.49,10.7,Yes,10.7
SAMSUNG ELECTRONICS,244,4.0,Eco,229.0,0.49,10.7,Yes,10.7
SAMSUNG ELECTRONICS,244,4.0,Eco,229.0,0.49,10.7,Yes,10.7
FISHER & PAYKEL,136,3.5,Eco,204.0,0.318,6.743,No,6.9
FISHER & PAYKEL,136,3.5,Eco,204.0,0.318,6.743,No,6.9
FISHER & PAYKEL,136,3.5,Eco,204.0,0.318,6.743,No,6.9
FISHER & PAYKEL,136,3.5,Eco,204.0,0.318,6.743,No,6.9
FISHER & PAYKEL,136,3.5,Eco,204.0,0.318,6.743,No,6.9
FISHER & PAYKEL,136,3.5,Eco,204.0,0.318,6.743,No,6.9
FISHER & PAYKEL,136,3.5,Eco,204.0,0.318,6.743,No,6.9
FISHER & PAYKEL,136,3.5,Eco,204.0,0.318,6.743,No,6.9
FISHER & PAYKEL,136,3.5,Eco,204.0,0.318,6.743,No,6.9
FISHER & PAYKEL,136,3.5,Eco,204.0,0.318,6.743,No,6.9
FISHER & PAYKEL,136,3.5,Eco,204.0,0.318,6.743,No,6.9
FISHER & PAYKEL,136,3.5,Eco,204.0,0.318,6.743,No,6.9
FISHER & PAYKEL,136,3.5,Eco,204.0,0.318,6.743,No,6.9
FISHER & PAYKEL,136,3.5,Eco,204.0,0.318,6.743,No,6.9
FISHER & PAYKEL,136,3.5,Eco,204.0,0.318,6.743,No,6.9
FISHER & PAYKEL,136,3.5,Eco,204.0,0.318,6.743,No,6.9
FISHER & PAYKEL,136,3.5,Eco,204.0,0.318,6.743,No,6.9
FISHER & PAYKEL,136,3.5,Eco,204.0,0.318,6.743,No,6.9
FISHER & PAYKEL,136,3.5,Eco,204.0,0.318,6.743,No,6.9
FISHER & PAYKEL,136,3.5,Eco,204.0,0.318,6.743,No,6.9
FISHER & PAYKEL,136,3.5,Eco,204.0,0.318,6.743,No,6.9
FISHER & PAYKEL,136,3.5,Eco,204.0,0.318,6.743,No,6.9
FISHER & PAYKEL,136,3.5,Eco,204.0,0.318,6.743,No,6.9
FISHER & PAYKEL,136,3.5,Eco,204.0,0.318,6.743,No,6.9
FISHER & PAYKEL,136,3.5,Eco,204.0,0.318,6.743,No,6.9
FISHER & PAYKEL,136,3.5,Eco,204.0,0.318,6.743,No,6.9
FISHER & PAYKEL,136,3.5,Eco,204.0,0.318,6.743,No,6.9
FISHER & PAYKEL,136,3.5,Eco,204.0,0.318,6.743,No,6.9
FISHER & PAYKEL,136,3.5,Eco,204.0,0.318,6.743,No,6.9
FISHER & PAYKEL,136,3.5,Eco,204.0,0.318,6.743,No,6.9
FISHER & PAYKEL,136,3.5,Eco,204.0,0.318,6.743,No,6.9
FISHER & PAYKEL,136,3.5,Eco,204.0,0.318,6.743,No,6.9
Kogan,164,2.5,ECO,130.0,0.52,7.4,No,12.0
Kogan,164,2.5,ECO,130.0,0.52,7.4,No,12.0
Kogan,164,2.5,ECO,130.0,0.52,7.4,No,12.0
Kogan,164,2.5,ECO,130.0,0.52,7.4,No,12.0
Kogan,164,2.5,ECO,130.0,0.52,7.4,No,12.0
Kogan,164,2.5,ECO,130.0,0.52,7.4,No,12.0
BEKO,230,4.0,Eco 45 °C,212.0,0.18,12.26,No,12.3
BEKO,230,4.0,Eco 45 °C,212.0,0.18,12.26,No,12.3
BEKO,230,4.0,Eco 45 °C,212.0,0.18,12.26,No,12.3
SEIKI,280,3.0,ECO 50℃,295.0,0.47,8.8,No,8.8
SEIKI,280,3.0,ECO 50℃,295.0,0.47,8.8,No,8.8
Artusi,319,3.0,ECO,184.0,0.4,11.3,Yes,12.5
Artusi,319,3.0,ECO,184.0,0.4,11.3,Yes,12.5
Artusi,319,3.0,ECO,184.0,0.4,11.3,Yes,12.5
Artusi,319,3.0,ECO,184.0,0.4,11.3,Yes,12.5
Artusi,246,4.0,eco,204.0,0.43,12.0,No,12.0
Artusi,246,4.0,eco,204.0,0.43,12.0,No,12.0
Artusi,246,4.0,eco,204.0,0.43,12.0,No,12.0
Artusi,246,4.0,eco,204.0,0.43,12.0,No,12.0
Artusi,246,4.0,eco,204.0,0.43,12.0,No,12.0
SEIKI,280,3.0,ECO 50℃,295.0,0.47,8.8,No,8.8
Artusi,319,3.0,ECO,184.0,0.4,11.3,Yes,12.5
HISENSE,290,3.5,Eco 45 º,256.0,0.32,12.3,No,12.8
ASKO,268,3.5,ECO (auto door open default on),163.0,-,15.05,Yes,15.1
ASKO,268,3.5,ECO (auto door open default on),163.0,-,15.05,Yes,15.1
ASKO,268,3.5,ECO (auto door open default on),163.0,-,15.05,Yes,15.1
ASKO,268,3.5,ECO (auto door open default on),163.0,-,15.05,Yes,15.1
ASKO,268,3.5,ECO (auto door open default on),163.0,-,15.05,Yes,15.1
ASKO,268,3.5,ECO (auto door open default on),163.0,-,15.05,Yes,15.1
ASKO,268,3.5,ECO (auto door open default on),163.0,-,15.05,Yes,15.1
WHIRLPOOL,258,3.5,ECO 50 degree,191.0,0.33,13.347,Yes,13.5
Omega,295,3.0,ECO,175.0,0.49,12.3,No,12.5
ONIX,274,3.0,Normal,112.0,0.031,11.3,No,11.8
ONIX,208,3.0,Normal,110.0,0.035,9.2,No,9.4
WHIRLPOOL,230,4.0,ECO 50°,218.0,0.38,11.3,Yes,11.5
WHIRLPOOL,230,4.0,ECO 50°,218.0,0.38,11.3,Yes,11.5
WHIRLPOOL,230,4.0,ECO 50°,218.0,0.38,11.3,Yes,11.5
Euromaid,263,4.0,Eco 45°,196.0,0.382,12.65,No,14.3
Euromaid,263,4.0,Eco 45°,196.0,0.382,12.65,No,14.3
Euromaid,263,4.0,Eco 45°,196.0,0.382,12.65,No,14.3
WESTINGHOUSE,275,3.5,ECO,195.0,0.47,11.22,No,11.3
WESTINGHOUSE,275,3.5,ECO,195.0,0.47,11.22,No,11.3
WESTINGHOUSE,275,3.5,ECO,195.0,0.47,11.22,No,11.3
WESTINGHOUSE,246,4.0,ECO,239.0,0.413,10.95,No,11.0
WESTINGHOUSE,246,4.0,ECO,239.0,0.413,10.95,No,11.0
EUROMAID,319,3.0,ECO,180.0,0.50008,12.02,No,12.02
EUROMAID,319,3.0,ECO,180.0,0.50008,12.02,No,12.02
EUROMAID,319,3.0,ECO,180.0,0.50008,12.02,No,12.02
WESTINGHOUSE,275,3.5,ECO,195.0,0.47,11.22,No,11.3
WESTINGHOUSE,246,4.0,ECO,239.0,0.39,10.95,No,11.0
WESTINGHOUSE,246,4.0,ECO,239.0,0.39,10.95,No,11.0
WESTINGHOUSE,246,4.0,ECO,239.0,0.39,10.95,No,11.0
WESTINGHOUSE,246,4.0,ECO,239.0,0.413,10.95,No,11.0
WESTINGHOUSE,246,4.0,ECO,239.0,0.413,10.95,No,11.0
WESTINGHOUSE,246,4.0,ECO,239.0,0.413,10.95,No,11.0
WESTINGHOUSE,246,4.0,ECO,239.0,0.413,10.95,No,11.0
ELECTROLUX,255,3.5,ECO,185.0,0.5,10.41,No,23.3
MIELE,219,4.0,Eco,207.0,0.19,9.21,Yes,9.2
MIELE,219,4.0,Eco,207.0,0.19,9.21,Yes,9.2
MIELE,220,4.0,Eco,206.0,0.18,9.16,Yes,9.2
MIELE,220,4.0,Eco,206.0,0.18,9.16,Yes,9.2
MIELE,220,4.0,Eco,206.0,0.18,9.16,Yes,9.2
MIELE,220,4.0,Eco,206.0,0.18,9.16,Yes,9.2
MIELE,189,4.5,Eco,228.0,0.21,9.24,Yes,9.2
MIELE,189,4.5,Eco,228.0,0.21,9.24,Yes,9.2
MIELE,189,4.5,Eco,228.0,0.21,9.24,Yes,9.2
MIELE,189,4.5,Eco,228.0,0.21,9.24,Yes,9.2
MIELE,189,4.5,Eco,228.0,0.21,9.24,Yes,9.2
MIELE,189,3.5,Eco,218.0,0.18,9.02,Yes,9.0
MIELE,189,3.5,Eco,218.0,0.18,9.02,Yes,9.0
MIELE,189,3.5,Eco,218.0,0.18,9.02,Yes,9.0
Inalto,302,3.0,ECO,180.0,0.4,11.3,Yes,12.5
Inalto,302,3.0,ECO,180.0,0.4,11.3,Yes,12.5
EUROMAID,287,3.0,ECO,175.0,0.49,12.3,No,12.3
Technika,204,3.0,Normal,110.0,0.035,9.2,No,9.4
FISHER & PAYKEL,137,3.5,Eco,260.0,-,5.703,No,5.7
FISHER & PAYKEL,115,4.0,Eco,228.0,-,5.686,No,5.7
Inalto,302,3.0,ECO,180.0,0.4,11.3,Yes,12.5
Inalto,302,3.0,ECO,180.0,0.4,11.3,Yes,12.5
Haier,305,3.0,Eco,180.0,0.3,11.35,No,11.8
Haier,305,3.0,Eco,180.0,0.3,11.35,No,11.8
Haier,305,3.0,Eco,180.0,0.3,11.35,No,11.8
Haier,305,3.0,Eco,180.0,0.3,11.35,No,11.8
Haier,305,3.0,Eco,180.0,0.3,11.35,No,11.8
Haier,305,3.0,Eco,180.0,0.3,11.35,No,11.8
Devanti,189,3.5,ECO,209.4,0.478834,11.0,No,11.0
Solt,267,3.0,ECO,186.06,-,10.7,No,22.0
Solt,267,3.0,ECO,186.06,-,10.7,No,22.0
Solt,267,3.0,ECO,186.06,-,10.7,No,22.0
Solt,267,3.0,ECO,186.06,-,10.7,No,22.0
Solt,267,3.0,ECO,186.06,-,10.7,No,22.0
Solt,267,3.0,ECO,186.06,-,10.7,No,22.0
Solt,267,3.0,ECO,186.06,-,10.7,No,22.0
Solt,267,3.0,ECO,186.06,-,10.7,No,22.0
STIRLING,282,3.0,ECO,170.0,0.44,11.1,No,11.1
ASKO,190,4.5,ECO,195.0,-,11.28,No,11.3
ASKO,190,4.5,ECO,195.0,-,11.28,No,11.3
ASKO,190,4.5,ECO,195.0,-,11.28,No,11.3
Haier,206,4.5,Eco,303.0,1.1,10.71,No,11.1
Haier,206,4.5,Eco,303.0,1.1,10.71,No,11.1
Haier,206,4.5,Eco,303.0,1.1,10.71,No,11.1
Kogan,99,2.0,ECO,133.0,0.346,4.6,No,4.6
Kogan,99,2.0,ECO,133.0,0.346,4.6,No,4.6
Kogan,99,2.0,ECO,133.0,0.346,4.6,No,4.6
Kogan,99,2.0,ECO,133.0,0.346,4.6,No,4.6
Kogan,99,2.0,ECO,133.0,0.346,4.6,No,4.6
Midea,270,3.0,ECO,190.0,0.48,10.7,No,11.0
Midea,270,3.0,ECO,190.0,0.48,10.7,No,11.0
Midea,270,3.0,ECO,190.0,0.48,10.7,No,11.0
Midea,320,3.0,ECO,180.0,0.50008,12.02,No,11.0
Midea,320,3.0,ECO,180.0,0.50008,12.02,No,11.0
Midea,320,3.0,ECO,180.0,0.50008,12.02,No,11.0
MIDEA,320,3.0,ECO,180.0,0.4999,12.03,No,12.03
MIDEA,280,3.5,eco,192.0,0.679,12.48,No,12.48
MIDEA,280,3.5,eco,192.0,0.679,12.48,No,12.48
Smeg,230,4.0,Normal Eco + Dry Assist,258.0,0.43,11.27,Yes,11.27
Smeg,230,4.0,Normal Eco + Dry Assist,258.0,0.43,11.27,Yes,11.27
Smeg,230,4.0,Normal Eco + Dry Assist,258.0,0.43,11.27,Yes,11.27
Smeg,230,4.0,Normal Eco + Dry Assist,258.0,0.43,11.27,Yes,11.27
Smeg,230,4.0,Normal Eco + Dry Assist,258.0,0.43,11.27,Yes,11.27
Smeg,230,4.0,Normal Eco + Dry Assist,258.0,0.43,11.27,Yes,11.27
Smeg,230,4.0,Normal Eco + Dry Assist,258.0,0.43,11.27,Yes,11.27
Smeg,230,4.0,Normal Eco + Dry Assist,258.0,0.43,11.27,Yes,11.27
Smeg,230,4.0,Normal Eco + Dry Assist,258.0,0.43,11.27,Yes,11.27
Smeg,230,4.0,Normal Eco + Dry Assist,258.0,0.43,11.27,Yes,11.27
MIDEA,280,3.5,eco,192.0,0.679,12.48,No,12.48
Solt,293,3.0,ECO,180.0,-,10.981,No,10.981
Solt,293,3.0,ECO,180.0,-,10.981,No,10.981
Solt,293,3.0,ECO,180.0,-,10.981,No,10.981
Solt,293,3.0,ECO,180.0,-,10.981,No,10.981
COMFEE,270,3.0,ECO,186.0,-,10.7,No,10.7
COMFEE,270,3.0,ECO,186.0,-,10.7,No,10.7
COMFEE,270,3.0,ECO,186.0,-,10.7,No,10.7
MIDEA,210,3.0,ECO,182.0,0.47,10.9,No,10.9
MIDEA,210,3.0,ECO,182.0,0.47,10.9,No,10.9
MIDEA,210,3.0,ECO,182.0,0.47,10.9,No,10.9
Master Kitchen,280,3.5,ECO,191.16,0.679,12.48,No,12.48
Master Kitchen,280,3.5,ECO,191.16,0.679,12.48,No,12.48
Master Kitchen,280,3.5,ECO,191.16,0.679,12.48,No,12.48